,ID,Location,Rating,Schedule Pacing,Start Date (UTC),Submit Date (UTC),Timestamp,Track,Week,Year
0,,LA,3,4.0,,,6/23/2016 15:55:12,,1,2016
1,,LA,4,4.0,,,6/23/2016 16:14:04,,1,2016
2,,LA,4,4.0,,,6/24/2016 0:18:42,,1,2016
3,,LA,4,4.0,,,6/24/2016 6:59:42,,1,2016
4,,LA,4,5.0,,,6/24/2016 9:40:16,,1,2016
5,,LA,5,4.0,,,6/23/2016 22:07:29,,1,2016
6,,LA,5,3.0,,,6/24/2016 9:34:14,,1,2016
7,,NY,3,5.0,,,6/24/2016 7:03:34,GAM,1,2016
8,,NY,3,3.0,,,6/24/2016 7:10:22,GAM,1,2016
9,,NY,3,3.0,,,6/24/2016 7:03:41,APP,1,2016
10,,NY,4,3.0,,,6/24/2016 7:04:59,INT,1,2016
11,,NY,4,4.0,,,6/24/2016 7:07:02,INT,1,2016
12,,NY,4,4.0,,,6/24/2016 7:08:41,INT,1,2016
13,,NY,4,4.0,,,6/24/2016 7:09:30,INT,1,2016
14,,NY,4,4.0,,,6/24/2016 7:01:03,GAM,1,2016
15,,NY,4,4.0,,,6/24/2016 7:02:43,GAM,1,2016
16,,NY,4,3.0,,,6/24/2016 7:03:48,GAM,1,2016
17,,NY,4,3.0,,,6/24/2016 7:06:04,GAM,1,2016
18,,NY,4,4.0,,,6/24/2016 7:06:24,GAM,1,2016
19,,NY,4,4.0,,,6/24/2016 7:01:19,APP,1,2016
20,,NY,4,4.0,,,6/24/2016 7:01:29,APP,1,2016
21,,NY,4,4.0,,,6/24/2016 7:02:20,APP,1,2016
22,,NY,4,3.0,,,6/24/2016 7:03:24,APP,1,2016
23,,NY,4,4.0,,,6/24/2016 7:03:25,APP,1,2016
24,,NY,4,2.0,,,6/24/2016 7:03:58,APP,1,2016
25,,NY,4,3.0,,,6/24/2016 7:06:59,APP,1,2016
26,,NY,4,4.0,,,6/24/2016 7:07:06,APP,1,2016
27,,NY,4,4.0,,,6/24/2016 7:08:37,APP,1,2016
28,,NY,4,3.0,,,6/24/2016 7:08:51,APP,1,2016
29,,NY,5,3.0,,,6/24/2016 7:01:55,INT,1,2016
30,,NY,5,3.0,,,6/24/2016 7:03:41,INT,1,2016
31,,NY,5,4.0,,,6/24/2016 7:06:21,INT,1,2016
32,,NY,5,4.0,,,6/24/2016 7:07:00,INT,1,2016
33,,NY,5,3.0,,,6/24/2016 7:04:34,GAM,1,2016
34,,NY,5,3.0,,,6/24/2016 7:08:15,GAM,1,2016
35,,NY,5,4.0,,,6/24/2016 7:12:49,GAM,1,2016
36,,NY,5,3.0,,,6/24/2016 7:03:41,APP,1,2016
37,,NY,5,4.0,,,6/24/2016 7:03:58,APP,1,2016
38,,NY,5,3.0,,,6/24/2016 7:04:09,APP,1,2016
39,,NY,5,3.0,,,6/24/2016 7:04:11,APP,1,2016
40,,NY,5,4.0,,,6/24/2016 7:05:51,APP,1,2016
41,,NY,5,4.0,,,6/24/2016 7:06:58,APP,1,2016
42,,NY,5,3.0,,,6/24/2016 7:07:26,APP,1,2016
43,,NY,5,3.0,,,6/24/2016 7:08:43,APP,1,2016
44,,NY,5,4.0,,,6/24/2016 7:18:32,APP,1,2016
45,,NY,5,3.0,,,6/24/2016 8:22:55,APP,1,2016
46,,SF,3,2.0,,,6/24/2016 14:02:56,APP,1,2016
47,,SF,3,3.0,,,6/23/2016 14:48:47,APP,1,2016
48,,SF,3,4.0,,,6/24/2016 9:50:50,APP,1,2016
49,,SF,3,5.0,,,6/24/2016 13:21:09,APP,1,2016
50,,SF,4,2.0,,,6/23/2016 13:21:46,APP,1,2016
51,,SF,4,2.0,,,6/24/2016 13:58:52,APP,1,2016
52,,SF,4,2.0,,,6/24/2016 14:12:41,APP,1,2016
53,,SF,4,3.0,,,6/23/2016 13:19:38,APP,1,2016
54,,SF,4,3.0,,,6/24/2016 9:49:30,APP,1,2016
55,,SF,4,3.0,,,6/24/2016 9:53:41,APP,1,2016
56,,SF,4,3.0,,,6/24/2016 9:54:45,APP,1,2016
57,,SF,4,3.0,,,6/24/2016 11:37:05,APP,1,2016
58,,SF,4,3.0,,,6/24/2016 11:40:59,APP,1,2016
59,,SF,4,3.0,,,6/24/2016 11:46:04,APP,1,2016
60,,SF,4,3.0,,,6/24/2016 13:07:03,APP,1,2016
61,,SF,4,3.0,,,6/24/2016 13:11:15,APP,1,2016
62,,SF,4,3.0,,,6/24/2016 13:20:57,APP,1,2016
63,,SF,4,3.0,,,6/24/2016 13:27:16,APP,1,2016
64,,SF,4,3.0,,,6/24/2016 13:33:49,APP,1,2016
65,,SF,4,3.0,,,6/24/2016 13:37:25,APP,1,2016
66,,SF,4,3.0,,,6/24/2016 13:38:57,APP,1,2016
67,,SF,4,4.0,,,6/23/2016 16:11:39,APP,1,2016
68,,SF,4,4.0,,,6/24/2016 9:51:03,APP,1,2016
69,,SF,4,4.0,,,6/24/2016 13:58:11,APP,1,2016
70,,SF,4,4.0,,,6/24/2016 14:07:33,APP,1,2016
71,,SF,4,4.0,,,6/24/2016 15:34:30,APP,1,2016
72,,SF,4,5.0,,,6/24/2016 13:16:51,APP,1,2016
73,,SF,4,5.0,,,6/24/2016 14:05:35,APP,1,2016
74,,SF,4,2.0,,,6/25/2016 20:09:34,APP,1,2016
75,,SF,5,2.0,,,6/24/2016 13:32:30,APP,1,2016
76,,SF,5,2.0,,,6/24/2016 14:05:44,APP,1,2016
77,,SF,5,3.0,,,6/23/2016 13:17:43,APP,1,2016
78,,SF,5,3.0,,,6/23/2016 14:44:06,APP,1,2016
79,,SF,5,3.0,,,6/24/2016 9:49:15,APP,1,2016
80,,SF,5,3.0,,,6/24/2016 9:49:18,APP,1,2016
81,,SF,5,3.0,,,6/24/2016 9:50:06,APP,1,2016
82,,SF,5,3.0,,,6/24/2016 9:50:19,APP,1,2016
83,,SF,5,3.0,,,6/24/2016 11:34:57,APP,1,2016
84,,SF,5,3.0,,,6/24/2016 13:05:10,APP,1,2016
85,,SF,5,3.0,,,6/24/2016 13:07:59,APP,1,2016
86,,SF,5,3.0,,,6/24/2016 13:09:46,APP,1,2016
87,,SF,5,3.0,,,6/24/2016 13:18:32,APP,1,2016
88,,SF,5,3.0,,,6/24/2016 13:27:04,APP,1,2016
89,,SF,5,3.0,,,6/24/2016 13:27:52,APP,1,2016
90,,SF,5,3.0,,,6/24/2016 13:38:21,APP,1,2016
91,,SF,5,3.0,,,6/24/2016 13:38:29,APP,1,2016
92,,SF,5,3.0,,,6/24/2016 14:01:31,APP,1,2016
93,,SF,5,3.0,,,6/24/2016 15:38:31,APP,1,2016
94,,SF,5,4.0,,,6/23/2016 13:19:41,APP,1,2016
95,,SF,5,4.0,,,6/23/2016 13:19:58,APP,1,2016
96,,SF,5,4.0,,,6/24/2016 9:50:59,APP,1,2016
97,,SF,5,4.0,,,6/24/2016 9:51:08,APP,1,2016
98,,SF,5,4.0,,,6/24/2016 11:05:49,APP,1,2016
99,,SF,5,4.0,,,6/24/2016 13:34:12,APP,1,2016
100,,SF,5,4.0,,,6/24/2016 15:38:21,APP,1,2016
101,,SF,5,4.0,,,6/24/2016 16:23:30,APP,1,2016
102,,SF,5,3.0,,,6/25/2016 19:10:35,APP,1,2016
103,,SF,5,3.0,,,6/25/2016 21:41:09,APP,1,2016
104,,SF,4,3.0,,,6/24/2016 13:34:08,GAM,1,2016
105,,SF,4,3.0,,,6/24/2016 13:36:37,GAM,1,2016
106,,SF,4,4.0,,,6/24/2016 13:39:47,GAM,1,2016
107,,SF,5,3.0,,,6/24/2016 13:32:17,GAM,1,2016
108,,SF,5,3.0,,,6/24/2016 13:34:38,GAM,1,2016
109,,SF,5,3.0,,,6/24/2016 13:35:43,GAM,1,2016
110,,SF,5,3.0,,,6/24/2016 13:36:49,GAM,1,2016
111,,SF,5,3.0,,,6/24/2016 14:11:08,GAM,1,2016
112,,SF,5,4.0,,,6/24/2016 13:35:31,GAM,1,2016
113,,SF,5,4.0,,,6/24/2016 13:45:54,GAM,1,2016
114,,SF,3,3.0,,,6/27/2016 15:01:42,INT,1,2016
115,,SF,4,3.0,,,6/24/2016 11:41:34,INT,1,2016
116,,SF,4,3.0,,,6/24/2016 11:47:36,INT,1,2016
117,,SF,4,3.0,,,6/24/2016 13:36:03,INT,1,2016
118,,SF,4,3.0,,,6/24/2016 13:42:02,INT,1,2016
119,,SF,4,3.0,,,6/24/2016 13:45:04,INT,1,2016
120,,SF,4,3.0,,,6/24/2016 13:47:15,INT,1,2016
121,,SF,4,4.0,,,6/24/2016 11:42:30,INT,1,2016
122,,SF,4,4.0,,,6/24/2016 12:58:35,INT,1,2016
123,,SF,4,4.0,,,6/26/2016 22:45:58,INT,1,2016
124,,SF,5,2.0,,,6/24/2016 11:41:47,INT,1,2016
125,,SF,5,3.0,,,6/24/2016 11:41:42,INT,1,2016
126,,SF,5,3.0,,,6/24/2016 11:53:29,INT,1,2016
127,,SF,5,3.0,,,6/24/2016 13:33:35,INT,1,2016
128,,SF,5,3.0,,,6/24/2016 13:56:06,INT,1,2016
129,,SF,5,3.0,,,6/24/2016 16:19:53,INT,1,2016
130,,SF,5,4.0,,,6/24/2016 11:53:20,INT,1,2016
131,,SF,5,4.0,,,6/24/2016 14:21:25,INT,1,2016
132,,SF,5,5.0,,,6/24/2016 13:20:34,INT,1,2016
133,,SF,5,5.0,,,6/24/2016 13:41:56,INT,1,2016
134,,SF,5,3.0,,,6/26/2016 23:32:51,INT,1,2016
135,,SF,3,3.0,,,6/29/2016 22:39:27,,1,2016
136,,SF,5,3.0,,,6/24/2016 13:30:31,,1,2016
137,,SF,5,3.0,,,6/24/2016 14:41:17,,1,2016
138,,SF,5,3.0,,,6/24/2016 17:29:38,,1,2016
139,,SG,2,3.0,,,6/23/2016 22:24:53,,1,2016
140,,SG,2,3.0,,,6/27/2016 4:03:03,,1,2016
141,,SG,3,3.0,,,6/23/2016 22:13:04,,1,2016
142,,SG,4,4.0,,,6/23/2016 22:09:23,,1,2016
143,,SG,4,4.0,,,6/23/2016 22:11:39,,1,2016
144,,SG,4,4.0,,,6/23/2016 22:11:44,,1,2016
145,,SG,4,3.0,,,6/23/2016 22:13:25,,1,2016
146,,SG,4,3.0,,,6/23/2016 22:15:33,,1,2016
147,,SG,4,4.0,,,6/23/2016 22:41:02,,1,2016
148,,SG,4,3.0,,,6/23/2016 23:56:36,,1,2016
149,,SG,4,3.0,,,6/25/2016 22:17:48,,1,2016
150,,SG,5,5.0,,,6/23/2016 22:13:09,,1,2016
151,,SV,2,4.0,,,,GAM,1,2016
152,,SV,3,4.0,,,,APP,1,2016
153,,SV,3,3.0,,,,APP,1,2016
154,,SV,3,5.0,,,,APP,1,2016
155,,SV,3,3.0,,,,APP,1,2016
156,,SV,3,3.0,,,,GAM,1,2016
157,,SV,4,4.0,,,,APP,1,2016
158,,SV,4,3.0,,,,APP,1,2016
159,,SV,4,3.0,,,,APP,1,2016
160,,SV,4,4.0,,,,APP,1,2016
161,,SV,4,3.0,,,,APP,1,2016
162,,SV,4,4.0,,,,APP,1,2016
163,,SV,4,4.0,,,,APP,1,2016
164,,SV,4,3.0,,,,APP,1,2016
165,,SV,4,4.0,,,,APP,1,2016
166,,SV,4,3.0,,,,APP,1,2016
167,,SV,4,4.0,,,,APP,1,2016
168,,SV,4,4.0,,,,APP,1,2016
169,,SV,4,3.0,,,,APP,1,2016
170,,SV,4,3.0,,,,APP,1,2016
171,,SV,4,5.0,,,,APP,1,2016
172,,SV,4,3.0,,,,APP,1,2016
173,,SV,4,3.0,,,,APP,1,2016
174,,SV,4,3.0,,,,APP,1,2016
175,,SV,4,4.0,,,,GAM,1,2016
176,,SV,4,4.0,,,,GAM,1,2016
177,,SV,4,4.0,,,,GAM,1,2016
178,,SV,4,3.0,,,,GAM,1,2016
179,,SV,4,4.0,,,,GAM,1,2016
180,,SV,4,3.0,,,,GAM,1,2016
181,,SV,4,4.0,,,,GAM,1,2016
182,,SV,4,3.0,,,,GAM,1,2016
183,,SV,4,4.0,,,,GAM,1,2016
184,,SV,4,4.0,,,,INT,1,2016
185,,SV,4,3.0,,,,INT,1,2016
186,,SV,4,4.0,,,,INT,1,2016
187,,SV,4,3.0,,,,INT,1,2016
188,,SV,4,4.0,,,,INT,1,2016
189,,SV,4,3.0,,,,INT,1,2016
190,,SV,4,3.0,,,,INT,1,2016
191,,SV,4,3.0,,,,INT,1,2016
192,,SV,5,3.0,,,,APP,1,2016
193,,SV,5,3.0,,,,APP,1,2016
194,,SV,5,3.0,,,,APP,1,2016
195,,SV,5,3.0,,,,APP,1,2016
196,,SV,5,3.0,,,,APP,1,2016
197,,SV,5,3.0,,,,APP,1,2016
198,,SV,5,4.0,,,,APP,1,2016
199,,SV,5,4.0,,,,APP,1,2016
200,,SV,5,3.0,,,,APP,1,2016
201,,SV,5,4.0,,,,APP,1,2016
202,,SV,5,4.0,,,,APP,1,2016
203,,SV,5,4.0,,,,GAM,1,2016
204,,SV,5,2.0,,,,GAM,1,2016
205,,SV,5,3.0,,,,GAM,1,2016
206,,SV,5,4.0,,,,GAM,1,2016
207,,SV,5,3.0,,,,INT,1,2016
208,,SV,5,2.0,,,,INT,1,2016
209,,SV,5,3.0,,,,INT,1,2016
210,,SV,5,3.0,,,,INT,1,2016
211,,SV,5,3.0,,,,INT,1,2016
212,,SV,5,3.0,,,,INT,1,2016
213,,LA,4,2,,,6/30/2016 14:09:14,,2,2016
214,,LA,3,3,,,6/30/2016 22:50:08,,2,2016
215,,LA,4,4,,,7/1/2016 9:34:16,,2,2016
216,,LA,4,3,,,7/1/2016 10:42:17,,2,2016
217,,LA,4,3,,,7/1/2016 11:25:53,,2,2016
218,,LA,5,3,,,7/1/2016 11:57:11,,2,2016
219,,LA,5,3,,,7/1/2016 11:58:37,,2,2016
220,,NY,3,2,,,7/1/2016 6:41:31,APP,2,2016
221,,NY,3,4,,,7/1/2016 9:27:32,APP,2,2016
222,,NY,3,5,,,7/1/2016 6:46:34,GAM,2,2016
223,,NY,3,3,,,7/1/2016 6:47:56,GAM,2,2016
224,,NY,4,3,,,7/1/2016 6:33:45,APP,2,2016
225,,NY,4,4,,,7/1/2016 6:35:15,APP,2,2016
226,,NY,4,3,,,7/1/2016 6:36:41,APP,2,2016
227,,NY,4,3,,,7/1/2016 6:41:43,APP,2,2016
228,,NY,4,2,,,7/1/2016 7:00:39,APP,2,2016
229,,NY,4,4,,,7/1/2016 8:58:54,APP,2,2016
230,,NY,4,3,,,7/1/2016 10:32:25,APP,2,2016
231,,NY,4,4,,,7/1/2016 6:30:49,GAM,2,2016
232,,NY,4,4,,,7/1/2016 6:43:54,GAM,2,2016
233,,NY,4,4,,,7/1/2016 7:02:22,GAM,2,2016
234,,NY,4,3,,,7/1/2016 6:27:37,INT,2,2016
235,,NY,4,3,,,7/1/2016 6:31:09,INT,2,2016
236,,NY,4,4,,,7/1/2016 6:31:31,INT,2,2016
237,,NY,4,3,,,7/1/2016 6:46:33,INT,2,2016
238,,NY,5,3,,,7/1/2016 6:27:51,APP,2,2016
239,,NY,5,3,,,7/1/2016 6:30:01,APP,2,2016
240,,NY,5,3,,,7/1/2016 6:30:05,APP,2,2016
241,,NY,5,4,,,7/1/2016 6:33:55,APP,2,2016
242,,NY,5,3,,,7/1/2016 6:36:10,APP,2,2016
243,,NY,5,4,,,7/1/2016 6:41:54,APP,2,2016
244,,NY,5,4,,,7/1/2016 6:27:48,GAM,2,2016
245,,NY,5,3,,,7/1/2016 6:31:02,INT,2,2016
246,,NY,5,3,,,7/1/2016 6:31:12,INT,2,2016
247,,NY,5,3,,,7/1/2016 6:36:15,INT,2,2016
248,,SF,2,3,,,7/1/2016 16:35:14,APP,2,2016
249,,SF,3,2,,,7/1/2016 16:10:55,APP,2,2016
250,,SF,3,3,,,7/1/2016 17:00:26,APP,2,2016
251,,SF,3,3,,,7/3/2016 14:53:37,APP,2,2016
252,,SF,4,2,,,7/1/2016 15:35:19,APP,2,2016
253,,SF,4,2,,,7/1/2016 15:51:23,APP,2,2016
254,,SF,4,5,,,7/1/2016 16:07:02,APP,2,2016
255,,SF,4,3,,,7/1/2016 16:07:26,APP,2,2016
256,,SF,4,4,,,7/1/2016 16:08:19,APP,2,2016
257,,SF,4,4,,,7/1/2016 16:12:30,APP,2,2016
258,,SF,4,3,,,7/1/2016 16:19:32,APP,2,2016
259,,SF,4,5,,,7/1/2016 16:21:07,APP,2,2016
260,,SF,4,3,,,7/1/2016 16:41:10,APP,2,2016
261,,SF,4,3,,,7/1/2016 17:06:05,APP,2,2016
262,,SF,4,3,,,7/1/2016 17:18:27,APP,2,2016
263,,SF,4,2,,,7/1/2016 19:06:08,APP,2,2016
264,,SF,4,3,,,7/2/2016 0:32:56,APP,2,2016
265,,SF,5,3,,,7/1/2016 16:05:40,APP,2,2016
266,,SF,5,2,,,7/1/2016 16:07:13,APP,2,2016
267,,SF,5,3,,,7/1/2016 16:07:24,APP,2,2016
268,,SF,5,3,,,7/1/2016 16:07:58,APP,2,2016
269,,SF,5,4,,,7/1/2016 16:07:58,APP,2,2016
270,,SF,5,3,,,7/1/2016 16:08:49,APP,2,2016
271,,SF,5,3,,,7/1/2016 16:10:20,APP,2,2016
272,,SF,5,2,,,7/1/2016 16:10:46,APP,2,2016
273,,SF,5,3,,,7/1/2016 16:12:17,APP,2,2016
274,,SF,5,4,,,7/1/2016 16:19:33,APP,2,2016
275,,SF,5,3,,,7/1/2016 16:22:03,APP,2,2016
276,,SF,4,4,,,7/1/2016 16:10:34,GAM,2,2016
277,,SF,4,5,,,7/1/2016 16:23:13,GAM,2,2016
278,,SF,5,3,,,7/1/2016 16:07:04,GAM,2,2016
279,,SF,5,3,,,7/1/2016 16:15:04,GAM,2,2016
280,,SF,5,3,,,7/1/2016 16:15:41,GAM,2,2016
281,,SF,5,3,,,7/1/2016 16:16:13,GAM,2,2016
282,,SF,5,3,,,7/1/2016 16:17:34,GAM,2,2016
283,,SF,5,3,,,7/1/2016 16:18:02,GAM,2,2016
284,,SF,5,3,,,7/1/2016 16:18:02,GAM,2,2016
285,,SF,3,3,,,7/1/2016 15:40:51,INT,2,2016
286,,SF,4,2,,,7/1/2016 15:38:22,INT,2,2016
287,,SF,4,3,,,7/1/2016 15:40:24,INT,2,2016
288,,SF,4,3,,,7/1/2016 15:40:28,INT,2,2016
289,,SF,4,3,,,7/1/2016 15:42:15,INT,2,2016
290,,SF,4,4,,,7/1/2016 15:49:06,INT,2,2016
291,,SF,4,4,,,7/1/2016 15:50:59,INT,2,2016
292,,SF,4,4,,,7/1/2016 16:20:36,INT,2,2016
293,,SF,4,4,,,7/1/2016 17:13:25,INT,2,2016
294,,SF,4,3,,,7/5/2016 9:48:32,INT,2,2016
295,,SF,4,4,,,7/5/2016 16:07:37,INT,2,2016
296,,SF,4,3,,,7/5/2016 16:10:40,INT,2,2016
297,,SF,4,3,,,7/5/2016 16:11:11,INT,2,2016
298,,SF,5,4,,,7/1/2016 16:24:01,INT,2,2016
299,,SF,5,3,,,7/4/2016 18:31:39,INT,2,2016
300,,SF,5,3,,,7/5/2016 9:39:22,INT,2,2016
301,,SF,5,3,,,7/5/2016 10:15:27,INT,2,2016
302,,SF,5,3,,,7/5/2016 16:09:01,INT,2,2016
303,,SF,1,3,,,7/2/2016 12:45:15,,2,2016
304,,SF,2,3,,,7/2/2016 12:49:55,,2,2016
305,,SF,2,3,,,7/5/2016 12:00:21,,2,2016
306,,SF,5,3,,,7/1/2016 15:35:33,,2,2016
307,,SF,5,3,,,7/2/2016 21:55:49,,2,2016
308,,SF,5,3,,,7/5/2016 11:30:35,,2,2016
309,,SF,5,3,,,7/5/2016 18:24:11,,2,2016
310,,SG,4,3,,,7/1/2016 5:41:15,,2,2016
311,,SG,3,3,,,7/1/2016 8:52:52,,2,2016
312,,SG,3,5,,,7/2/2016 7:49:54,,2,2016
313,,SG,3,3,,,7/3/2016 19:14:57,,2,2016
314,,SG,4,4,,,7/3/2016 19:21:48,,2,2016
315,,SG,4,3,,,7/3/2016 19:27:27,,2,2016
316,,SG,3,3,,,7/3/2016 20:00:26,,2,2016
317,,SG,3,3,,,7/4/2016 3:03:20,,2,2016
318,,SV,3,4,,,7/1/2016 13:27:56,APP,2,2016
319,,SV,3,5,,,7/1/2016 13:29:33,APP,2,2016
320,,SV,3,3,,,7/1/2016 13:29:43,APP,2,2016
321,,SV,3,4,,,7/1/2016 13:30:28,APP,2,2016
322,,SV,3,3,,,7/1/2016 13:34:11,APP,2,2016
323,,SV,3,3,,,7/1/2016 13:35:20,APP,2,2016
324,,SV,3,3,,,7/1/2016 16:35:14,APP,2,2016
325,,SV,3,4,,,7/1/2016 17:01:13,APP,2,2016
326,,SV,3,3,,,7/2/2016 9:50:36,APP,2,2016
327,,SV,3,3,,,7/1/2016 10:36:57,GAM,2,2016
328,,SV,3,5,,,7/1/2016 10:41:44,GAM,2,2016
329,,SV,3,3,,,7/1/2016 10:47:58,GAM,2,2016
330,,SV,3,3,,,7/1/2016 10:56:51,GAM,2,2016
331,,SV,3,4,,,7/4/2016 23:02:16,INT,2,2016
332,,SV,4,3,,,7/1/2016 13:27:10,APP,2,2016
333,,SV,4,3,,,7/1/2016 13:28:59,APP,2,2016
334,,SV,4,3,,,7/1/2016 13:29:07,APP,2,2016
335,,SV,4,4,,,7/1/2016 13:29:40,APP,2,2016
336,,SV,4,4,,,7/1/2016 13:30:05,APP,2,2016
337,,SV,4,3,,,7/1/2016 13:30:53,APP,2,2016
338,,SV,4,4,,,7/1/2016 13:31:04,APP,2,2016
339,,SV,4,3,,,7/1/2016 13:39:46,APP,2,2016
340,,SV,4,4,,,7/1/2016 13:41:30,APP,2,2016
341,,SV,4,3,,,7/1/2016 13:49:17,APP,2,2016
342,,SV,4,3,,,7/1/2016 15:59:22,APP,2,2016
343,,SV,4,3,,,7/1/2016 15:59:54,APP,2,2016
344,,SV,4,3,,,7/1/2016 16:02:57,APP,2,2016
345,,SV,4,4,,,7/1/2016 16:30:11,APP,2,2016
346,,SV,4,4,,,7/1/2016 16:32:24,APP,2,2016
347,,SV,4,4,,,7/1/2016 17:51:29,APP,2,2016
348,,SV,4,4,,,7/1/2016 9:46:04,GAM,2,2016
349,,SV,4,2,,,7/1/2016 9:47:30,GAM,2,2016
350,,SV,4,3,,,7/1/2016 10:41:18,GAM,2,2016
351,,SV,4,2,,,7/1/2016 10:41:34,GAM,2,2016
352,,SV,4,3,,,7/1/2016 10:45:47,GAM,2,2016
353,,SV,4,3,,,7/1/2016 13:12:22,INT,2,2016
354,,SV,4,3,,,7/1/2016 13:19:07,INT,2,2016
355,,SV,4,3,,,7/1/2016 13:25:54,INT,2,2016
356,,SV,4,4,,,7/1/2016 13:28:33,INT,2,2016
357,,SV,4,4,,,7/1/2016 13:29:01,INT,2,2016
358,,SV,4,3,,,7/1/2016 13:33:15,INT,2,2016
359,,SV,4,3,,,7/1/2016 13:33:28,INT,2,2016
360,,SV,5,3,,,7/1/2016 13:29:47,APP,2,2016
361,,SV,5,3,,,7/1/2016 13:30:07,APP,2,2016
362,,SV,5,4,,,7/1/2016 13:32:18,APP,2,2016
363,,SV,5,3,,,7/1/2016 16:01:17,APP,2,2016
364,,SV,5,4,,,7/1/2016 16:02:10,APP,2,2016
365,,SV,5,3,,,7/1/2016 16:04:18,APP,2,2016
366,,SV,5,3,,,7/1/2016 16:44:38,APP,2,2016
367,,SV,5,4,,,7/1/2016 9:41:30,GAM,2,2016
368,,SV,5,2,,,7/1/2016 10:43:14,GAM,2,2016
369,,SV,5,3,,,7/1/2016 10:47:06,GAM,2,2016
370,,SV,5,4,,,7/1/2016 10:47:57,GAM,2,2016
371,,SV,5,2,,,7/1/2016 13:25:32,INT,2,2016
372,,SV,5,5,,,7/1/2016 13:26:00,INT,2,2016
373,,SV,5,2,,,7/1/2016 13:28:10,INT,2,2016
374,,LA,4,2,,,7/8/2016 10:31:27,,3,2016
375,,LA,4,4,,,7/8/2016 13:45:52,,3,2016
376,,LA,4,3,,,7/8/2016 13:47:42,,3,2016
377,,LA,4,3,,,7/8/2016 13:47:59,,3,2016
378,,LA,4,3,,,7/8/2016 14:12:24,,3,2016
379,,LA,5,4,,,7/8/2016 14:13:39,,3,2016
380,,NY,4,3,,,7/8/2016 6:21:11,APP,3,2016
381,,NY,5,3,,,7/8/2016 6:21:29,APP,3,2016
382,,NY,4,3,,,7/8/2016 6:21:35,INT,3,2016
383,,NY,5,3,,,7/8/2016 6:21:46,APP,3,2016
384,,NY,4,2,,,7/8/2016 6:22:10,APP,3,2016
385,,NY,4,4,,,7/8/2016 6:22:35,GAM,3,2016
386,,NY,4,4,,,7/8/2016 6:22:50,INT,3,2016
387,,NY,5,3,,,7/8/2016 6:23:09,APP,3,2016
388,,NY,4,4,,,7/8/2016 6:23:28,GAM,3,2016
389,,NY,4,4,,,7/8/2016 6:23:49,INT,3,2016
390,,NY,4,4,,,7/8/2016 6:23:50,GAM,3,2016
391,,NY,4,4,,,7/8/2016 6:24:25,APP,3,2016
392,,NY,4,3,,,7/8/2016 6:26:03,APP,3,2016
393,,NY,4,3,,,7/8/2016 6:26:30,GAM,3,2016
394,,NY,5,4,,,7/8/2016 6:26:40,APP,3,2016
395,,NY,4,3,,,7/8/2016 6:26:49,APP,3,2016
396,,NY,4,4,,,7/8/2016 6:27:01,GAM,3,2016
397,,NY,5,4,,,7/8/2016 6:27:14,GAM,3,2016
398,,NY,4,4,,,7/8/2016 6:27:31,INT,3,2016
399,,NY,4,4,,,7/8/2016 6:27:49,APP,3,2016
400,,NY,5,3,,,7/8/2016 6:28:49,GAM,3,2016
401,,NY,3,4,,,7/8/2016 6:28:56,INT,3,2016
402,,NY,5,3,,,7/8/2016 6:29:05,APP,3,2016
403,,NY,5,3,,,7/8/2016 6:33:10,APP,3,2016
404,,NY,4,4,,,7/8/2016 6:36:23,INT,3,2016
405,,NY,5,3,,,7/8/2016 6:36:36,GAM,3,2016
406,,NY,5,3,,,7/8/2016 6:38:24,GAM,3,2016
407,,NY,4,3,,,7/8/2016 12:14:54,APP,3,2016
408,,SF,3,2,,,7/8/2016 15:56:20,APP,3,2016
409,,SF,5,3,,,7/8/2016 16:02:55,APP,3,2016
410,,SF,3,3,,,7/8/2016 16:19:51,APP,3,2016
411,,SF,1,3,,,7/8/2016 16:34:12,APP,3,2016
412,,SF,5,2,,,7/8/2016 16:39:27,APP,3,2016
413,,SF,5,5,,,7/8/2016 16:46:21,APP,3,2016
414,,SF,3,5,,,7/8/2016 17:33:28,APP,3,2016
415,,SF,5,3,,,7/9/2016 14:23:38,APP,3,2016
416,,SF,5,3,,,7/10/2016 20:55:08,APP,3,2016
417,,SF,5,3,,,7/8/2016 15:58:04,GAM,3,2016
418,,SF,5,4,,,7/8/2016 16:08:03,GAM,3,2016
419,,SF,5,3,,,7/8/2016 15:55:12,INT,3,2016
420,,SF,4,3,,,7/8/2016 15:56:10,INT,3,2016
421,,SF,4,3,,,7/8/2016 15:58:45,INT,3,2016
422,,SF,4,4,,,7/8/2016 16:40:17,INT,3,2016
423,,SF,5,3,,,7/8/2016 18:34:39,INT,3,2016
424,,SF,5,3,,,7/9/2016 8:14:45,INT,3,2016
425,,SF,5,3,,,7/8/2016 16:23:15,,3,2016
426,,SF,4,4,,,7/8/2016 16:27:30,,3,2016
427,,SF,1,5,,,7/8/2016 17:18:49,,3,2016
428,,SF,4,4,,,7/8/2016 19:14:34,,3,2016
429,,SF,3,4,,,7/11/2016 12:10:26,INT,3,2016
430,,SF,4,4,,,7/11/2016 12:39:56,INT,3,2016
431,,SG,4,3,,,7/8/2016 7:36:11,,3,2016
432,,SG,5,3,,,7/8/2016 22:05:05,,3,2016
433,,SV,5,2,,,7/8/2016 12:52:08,GAM,3,2016
434,,SV,5,3,,,7/9/2016 15:22:45,APP,3,2016
435,,SV,4,3,,,7/8/2016 21:26:01,GAM,3,2016
436,,SV,4,3,,,7/8/2016 13:52:01,APP,3,2016
437,,SV,4,4,,,7/8/2016 14:00:28,APP,3,2016
438,,SV,5,3,,,7/8/2016 14:42:40,APP,3,2016
439,,SV,4,4,,,7/8/2016 14:03:46,APP,3,2016
440,,SV,3,4,,,7/8/2016 16:40:10,APP,3,2016
441,,SV,4,4,,,7/8/2016 13:58:12,APP,3,2016
442,,SV,3,4,,,7/8/2016 13:53:19,APP,3,2016
443,,SV,3,2,,,7/8/2016 15:59:30,APP,3,2016
444,,SV,5,4,,,7/8/2016 16:11:32,APP,3,2016
445,,SV,5,5,,,7/8/2016 12:49:05,GAM,3,2016
446,,SV,4,3,,,7/8/2016 12:49:16,GAM,3,2016
447,,SV,5,3,,,7/8/2016 12:47:42,GAM,3,2016
448,,SV,5,3,,,7/8/2016 12:43:44,INT,3,2016
449,,SV,4,3,,,7/8/2016 13:55:51,APP,3,2016
450,,SV,5,3,,,7/8/2016 14:02:54,GAM,3,2016
451,,SV,5,3,,,7/8/2016 14:29:22,GAM,3,2016
452,,SV,5,2,,,7/9/2016 17:05:33,GAM,3,2016
453,,SV,3,3,,,7/8/2016 16:55:21,APP,3,2016
454,,SV,3,3,,,7/8/2016 16:08:13,GAM,3,2016
455,,SV,4,3,,,7/8/2016 13:56:39,APP,3,2016
456,,SV,4,2,,,7/8/2016 14:03:35,APP,3,2016
457,,SV,4,5,,,7/8/2016 13:51:14,GAM,3,2016
458,,SV,4,4,,,7/8/2016 12:41:10,INT,3,2016
459,,SV,4,4,,,7/8/2016 12:41:13,INT,3,2016
460,,SV,4,3,,,7/8/2016 12:41:51,INT,3,2016
461,,SV,4,3,,,7/8/2016 12:43:35,INT,3,2016
462,,SV,4,3,,,7/8/2016 12:45:11,INT,3,2016
463,,SV,4,3,,,7/8/2016 12:47:39,INT,3,2016
464,,SV,4,4,,,7/8/2016 13:01:58,INT,3,2016
465,,SV,4,4,,,7/10/2016 23:44:41,GAM,3,2016
466,,SV,#REF!,#REF!,,,,,3,2016
467,,SV,5,3,,,7/8/2016 16:41:06,APP,3,2016
468,,SV,5,3,,,7/8/2016 13:07:39,GAM,3,2016
469,,SV,5,3,,,7/8/2016 12:45:02,INT,3,2016
470,,LA,5,3,,,7/15/2016 13:20:35,,4,2016
471,,LA,5,3,,,7/15/2016 13:22:22,,4,2016
472,,LA,5,3,,,7/15/2016 14:35:15,,4,2016
473,,LA,5,4,,,7/15/2016 15:05:10,,4,2016
474,,LA,3,3,,,7/15/2016 15:12:36,,4,2016
475,,LA,4,3,,,7/15/2016 16:59:37,,4,2016
476,,LA,4,3,,,7/15/2016 17:10:52,,4,2016
477,,LA,4,3,,,7/15/2016 19:32:26,,4,2016
478,,NY,5,3,,,7/15/2016 6:28:26,APP,4,2016
479,,NY,5,3,,,7/15/2016 6:29:53,APP,4,2016
480,,NY,4,3,,,7/15/2016 6:30:09,APP,4,2016
481,,NY,4,3,,,7/15/2016 6:30:24,APP,4,2016
482,,NY,4,4,,,7/15/2016 6:31:29,GAM,4,2016
483,,NY,4,4,,,7/15/2016 6:31:36,INT,4,2016
484,,NY,4,4,,,7/15/2016 6:32:19,APP,4,2016
485,,NY,5,3,,,7/15/2016 6:36:55,APP,4,2016
486,,NY,4,5,,,7/15/2016 6:37:43,APP,4,2016
487,,NY,5,3,,,7/15/2016 6:57:30,APP,4,2016
488,,NY,4,4,,,7/15/2016 7:03:28,APP,4,2016
489,,NY,4,4,,,7/15/2016 7:30:38,GAM,4,2016
490,,NY,5,3,,,7/15/2016 7:37:15,APP,4,2016
491,,NY,4,3,,,7/15/2016 7:47:54,GAM,4,2016
492,,NY,4,3,,,7/15/2016 10:11:32,APP,4,2016
493,,NY,4,3,,,7/15/2016 10:18:52,APP,4,2016
494,,SF,5,3,,,7/15/2016 15:26:38,APP,4,2016
495,,SF,4,3,,,7/15/2016 15:31:37,APP,4,2016
496,,SF,4,4,,,7/15/2016 15:32:59,APP,4,2016
497,,SF,3,4,,,7/15/2016 16:18:00,APP,4,2016
498,,SF,4,4,,,7/15/2016 16:19:09,APP,4,2016
499,,SF,3,4,,,7/15/2016 16:21:25,APP,4,2016
500,,SF,4,3,,,7/15/2016 17:34:39,APP,4,2016
501,,SF,5,3,,,7/15/2016 20:20:33,APP,4,2016
502,,SF,4,3,,,7/15/2016 20:39:49,APP,4,2016
503,,SF,4,3,,,7/16/2016 12:46:10,APP,4,2016
504,,SF,5,2,,,7/17/2016 16:27:57,APP,4,2016
505,,SF,4,3,,,7/15/2016 15:30:54,GAM,4,2016
506,,SF,4,3,,,7/15/2016 15:54:54,GAM,4,2016
507,,SF,5,4,,,7/15/2016 19:08:37,GAM,4,2016
508,,SF,5,5,,,7/16/2016 9:18:45,GAM,4,2016
509,,SF,5,3,,,7/17/2016 17:05:09,GAM,4,2016
510,,SF,5,4,,,7/14/2016 14:05:15,INT,4,2016
511,,SF,3,4,,,7/14/2016 14:06:20,INT,4,2016
512,,SF,4,4,,,7/14/2016 15:04:21,INT,4,2016
513,,SF,3,5,,,7/14/2016 15:47:33,INT,4,2016
514,,SF,4,4,,,7/15/2016 15:15:37,INT,4,2016
515,,SF,4,3,,,7/15/2016 16:03:37,INT,4,2016
516,,SF,3,3,,,7/15/2016 16:05:04,INT,4,2016
517,,SF,4,3,,,7/15/2016 16:20:07,INT,4,2016
518,,SF,5,3,,,7/16/2016 13:12:50,INT,4,2016
519,,SF,4,4,,,7/17/2016 21:45:33,INT,4,2016
520,,SF,5,3,,,7/19/2016 11:46:56,INT,4,2016
521,,SF,5,3,,,7/15/2016 17:02:43,,4,2016
522,,SF,4,3,,,7/16/2016 18:46:18,,4,2016
523,,SF,3,4,,,7/18/2016 8:27:48,,4,2016
524,,SF,3,4,,,7/18/2016 8:35:24,,4,2016
525,,SG,4,3,,,7/15/2016 2:45:00,,4,2016
526,,SG,4,4,,,7/15/2016 2:45:11,,4,2016
527,,SG,3,3,,,7/15/2016 2:48:37,,4,2016
528,,SG,4,3,,,7/15/2016 2:53:18,,4,2016
529,,SG,3,4,,,7/15/2016 2:56:09,,4,2016
530,,SG,4,3,,,7/15/2016 4:37:33,,4,2016
531,,SG,4,3,,,7/15/2016 19:59:23,,4,2016
532,,SG,3,4,,,7/15/2016 20:46:14,,4,2016
533,,SG,4,3,,,7/17/2016 19:06:22,,4,2016
534,,SV,2,1,,,7/15/2016 13:30:19,APP,4,2016
535,,SV,3,3,,,7/15/2016 13:31:54,APP,4,2016
536,,SV,4,4,,,7/15/2016 13:35:36,APP,4,2016
537,,SV,4,3,,,7/15/2016 13:58:34,APP,4,2016
538,,SV,5,3,,,7/15/2016 14:01:42,APP,4,2016
539,,SV,4,3,,,7/15/2016 14:09:14,APP,4,2016
540,,SV,4,3,,,7/15/2016 14:10:40,APP,4,2016
541,,SV,4,3,,,7/15/2016 14:15:40,APP,4,2016
542,,SV,4,2,,,7/15/2016 14:26:18,APP,4,2016
543,,SV,4,4,,,7/15/2016 15:54:39,APP,4,2016
544,,SV,3,3,,,7/15/2016 15:54:51,APP,4,2016
545,,SV,4,4,,,7/15/2016 15:55:54,APP,4,2016
546,,SV,5,3,,,7/15/2016 15:55:56,APP,4,2016
547,,SV,4,3,,,7/15/2016 15:56:10,APP,4,2016
548,,SV,5,3,,,7/15/2016 15:56:18,APP,4,2016
549,,SV,3,4,,,7/15/2016 15:57:37,APP,4,2016
550,,SV,4,3,,,7/15/2016 15:57:50,APP,4,2016
551,,SV,4,4,,,7/15/2016 15:58:36,APP,4,2016
552,,SV,4,4,,,7/15/2016 15:58:47,APP,4,2016
553,,SV,4,4,,,7/15/2016 16:03:01,APP,4,2016
554,,SV,5,3,,,7/15/2016 16:06:23,APP,4,2016
555,,SV,5,4,,,7/15/2016 16:21:10,APP,4,2016
556,,SV,5,3,,,7/15/2016 16:23:07,APP,4,2016
557,,SV,4,4,,,7/15/2016 16:55:20,APP,4,2016
558,,SV,5,1,,,7/15/2016 17:11:41,APP,4,2016
559,,SV,5,3,,,7/17/2016 9:52:10,APP,4,2016
560,,SV,4,3,,,7/18/2016 10:35:56,APP,4,2016
561,,SV,5,2,,,7/15/2016 13:56:01,GAM,4,2016
562,,SV,5,3,,,7/15/2016 13:56:03,GAM,4,2016
563,,SV,4,3,,,7/15/2016 13:58:40,GAM,4,2016
564,,SV,4,4,,,7/15/2016 14:00:09,GAM,4,2016
565,,SV,4,4,,,7/15/2016 14:00:41,GAM,4,2016
566,,SV,5,5,,,7/15/2016 15:51:03,GAM,4,2016
567,,SV,5,3,,,7/15/2016 15:57:04,GAM,4,2016
568,,SV,3,3,,,7/15/2016 15:58:21,GAM,4,2016
569,,SV,5,4,,,7/15/2016 14:03:03,INT,4,2016
570,,HK,4,3.0,,,7/21/2016 21:57:59,,5,2016
571,,HK,5,3.0,,,7/21/2016 21:59:37,,5,2016
572,,HK,5,3.0,,,7/21/2016 22:01:53,,5,2016
573,,LA,3,2,,,7/22/2016 16:15:37,GAM,5,2016
574,,LA,4,3,,,7/22/2016 16:16:07,INT,5,2016
575,,LA,5,3,,,7/22/2016 16:16:20,INT,5,2016
576,,LA,4,3,,,7/22/2016 16:17:04,GAM,5,2016
577,,LA,4,3,,,7/22/2016 16:17:09,INT,5,2016
578,,LA,4,3,,,7/22/2016 16:18:23,GAM,5,2016
579,,LA,5,3,,,7/22/2016 16:18:45,INT,5,2016
580,,LA,4,4,,,7/22/2016 16:19:58,GAM,5,2016
581,,LA,5,4,,,7/22/2016 16:20:25,GAM,5,2016
582,,LA,5,3,,,7/22/2016 16:20:30,INT,5,2016
583,,LA,4,3,,,7/22/2016 16:23:12,GAM,5,2016
584,,LA,4,3,,,7/22/2016 16:23:19,GAM,5,2016
585,,NY,5,5,,,7/22/2016 13:29:33,APP,5,2016
586,,NY,5,3,,,7/22/2016 13:35:20,APP,5,2016
587,,NY,4,3,,,7/22/2016 13:36:39,APP,5,2016
588,,NY,4,3,,,7/22/2016 13:37:15,APP,5,2016
589,,NY,5,3,,,7/22/2016 13:40:21,APP,5,2016
590,,NY,4,4,,,7/22/2016 13:44:52,APP,5,2016
591,,NY,3,5,,,7/22/2016 13:50:50,GAM,5,2016
592,,NY,4,4,,,7/22/2016 13:50:50,APP,5,2016
593,,NY,5,4,,,7/22/2016 13:51:22,APP,5,2016
594,,NY,4,3,,,7/22/2016 13:51:35,GAM,5,2016
595,,NY,4,3,,,7/22/2016 13:51:36,APP,5,2016
596,,NY,4,4,,,7/22/2016 13:51:44,GAM,5,2016
597,,NY,4,3,,,7/22/2016 13:52:05,INT,5,2016
598,,NY,4,3,,,7/22/2016 13:52:19,APP,5,2016
599,,NY,5,3,,,7/22/2016 13:52:41,GAM,5,2016
600,,NY,4,3,,,7/22/2016 13:53:19,APP,5,2016
601,,NY,5,3,,,7/22/2016 13:53:31,GAM,5,2016
602,,NY,4,3,,,7/22/2016 13:53:56,APP,5,2016
603,,NY,5,3,,,7/22/2016 13:54:46,GAM,5,2016
604,,NY,5,3,,,7/22/2016 13:54:52,APP,5,2016
605,,NY,4,3,,,7/22/2016 13:57:13,GAM,5,2016
606,,SF,3,3,,,,APP,5,2016
607,,SF,4,3,,,,APP,5,2016
608,,SF,4,3,,,,APP,5,2016
609,,SF,4,4,,,,APP,5,2016
610,,SF,3,3,,,,APP,5,2016
611,,SF,5,3,,,,APP,5,2016
612,,SF,3,2,,,,APP,5,2016
613,,SF,5,3,,,,APP,5,2016
614,,SF,1,3,,,,APP,5,2016
615,,SF,4,3,,,,APP,5,2016
616,,SF,5,3,,,,APP,5,2016
617,,SF,4,4,,,,APP,5,2016
618,,SF,3,4,,,,APP,5,2016
619,,SF,4,3,,,,GAM,5,2016
620,,SF,5,3,,,,GAM,5,2016
621,,SF,1,5,,,,GAM,5,2016
622,,SF,5,3,,,,GAM,5,2016
623,,SF,4,3,,,,GAM,5,2016
624,,SF,5,3,,,,GAM,5,2016
625,,SF,5,2,,,,INT,5,2016
626,,SF,4,3,,,,INT,5,2016
627,,SF,3,5,,,,INT,5,2016
628,,SF,5,3,,,,INT,5,2016
629,,SF,5,4,,,,INT,5,2016
630,,SF,5,3,,,,INT,5,2016
631,,SF,5,3,,,,INT,5,2016
632,,SF,5,3,,,,INT,5,2016
633,,SF,5,2,,,,INT,5,2016
634,,SF,5,3,,,,INT,5,2016
635,,SF,5,3,,,,INT,5,2016
636,,SF,4,3,,,,INT,5,2016
637,,SF,5,3,,,,INT,5,2016
638,,SF,5,3,,,,INT,5,2016
639,,SF,4,4,,,,INT,5,2016
640,,SF,5,3,,,,INT,5,2016
641,,SF,5,3,,,,INT,5,2016
642,,SF,5,4,,,,,5,2016
643,,SF,5,4,,,,,5,2016
644,,SF,4,4,,,,,5,2016
645,,SF,5,3,,,,,5,2016
646,,SF,3,3,,,,INT,5,2016
647,,SF,3,3,,,,INT,5,2016
648,,SG,4,3,,,7/22/2016 1:30:17,,5,2016
649,,SG,4,3,,,7/22/2016 1:36:59,,5,2016
650,,SG,4,4,,,7/22/2016 1:42:08,,5,2016
651,,SG,4,3,,,7/22/2016 1:49:13,,5,2016
652,,SG,4,4,,,7/22/2016 1:50:35,,5,2016
653,,SG,4,3,,,7/22/2016 3:08:20,,5,2016
654,,SG,4,3,,,7/22/2016 19:26:57,,5,2016
655,,SG,3,3,,,7/22/2016 22:37:46,,5,2016
656,,SG,4,3,,,7/23/2016 18:59:21,,5,2016
657,,SG,4,3,,,7/23/2016 23:28:39,,5,2016
658,,SG,2,2,,,7/24/2016 11:16:24,,5,2016
659,,SV,4,3,,,7/22/2016 12:52:43,APP,5,2016
660,,SV,5,3,,,7/22/2016 12:53:47,APP,5,2016
661,,SV,3,3,,,7/23/2016 14:14:16,APP,5,2016
662,,SV,2,3,,,7/22/2016 14:37:17,APP,5,2016
663,,SV,4,3,,,7/22/2016 12:49:36,GAM,5,2016
664,,SV,4,3,,,7/22/2016 12:50:23,GAM,5,2016
665,,SV,5,3,,,7/22/2016 12:53:36,APP,5,2016
666,,SV,3,3,,,7/22/2016 13:11:42,APP,5,2016
667,,SV,5,3,,,7/22/2016 14:03:30,APP,5,2016
668,,SV,4,4,,,7/22/2016 14:25:23,APP,5,2016
669,,SV,4,3,,,7/22/2016 14:54:14,APP,5,2016
670,,SV,5,3,,,7/22/2016 14:26:04,APP,5,2016
671,,SV,4,4,,,7/22/2016 12:45:30,INT,5,2016
672,,SV,5,3,,,7/22/2016 14:25:54,APP,5,2016
673,,SV,4,5,,,7/22/2016 12:47:59,APP,5,2016
674,,SV,2,2,,,7/22/2016 16:21:04,APP,5,2016
675,,SV,4,3,,,7/22/2016 14:25:46,APP,5,2016
676,,SV,5,4,,,7/22/2016 15:53:14,APP,5,2016
677,,SV,3,4,,,7/22/2016 18:00:51,APP,5,2016
678,,SV,4,4,,,7/22/2016 12:51:51,APP,5,2016
679,,SV,4,3,,,7/22/2016 14:26:06,APP,5,2016
680,,SV,4,3,,,7/22/2016 14:27:03,APP,5,2016
681,,SV,3,4,,,7/22/2016 14:28:15,APP,5,2016
682,,SV,5,3,,,7/22/2016 12:43:02,GAM,5,2016
683,,SV,5,3,,,7/22/2016 12:46:29,GAM,5,2016
684,,SV,4,5,,,7/22/2016 12:50:31,GAM,5,2016
685,,SV,4,3,,,7/22/2016 14:26:59,GAM,5,2016
686,,SV,4,3,,,7/22/2016 14:27:45,INT,5,2016
687,,SV,4,3,,,7/22/2016 12:45:12,INT,5,2016
688,,SV,5,3,,,7/22/2016 13:00:34,INT,5,2016
689,,SV,4,3,,,7/22/2016 14:40:12,INT,5,2016
690,,SV,4,3,,,7/22/2016 12:44:15,INT,5,2016
691,,SV,5,3,,,7/22/2016 12:45:16,INT,5,2016
692,,SV,4,4,,,7/22/2016 12:49:41,INT,5,2016
693,,SV,4,2,,,7/22/2016 12:52:37,INT,5,2016
694,,SV,5,3,,,7/22/2016 12:52:51,INT,5,2016
695,,SV,3,5,,,7/22/2016 15:24:21,GAM,5,2016
696,,SV,5,2,,,7/22/2016 15:54:08,GAM,5,2016
697,,SV,3,3,,,7/22/2016 15:24:25,GAM,5,2016
698,,SV,5,3,,,7/22/2016 12:45:22,GAM,5,2016
699,,SV,5,3,,,7/22/2016 14:04:51,GAM,5,2016
700,,HK,5,3,,,7/29/2016 0:19:08,,6,2016
701,,HK,4,3,,,7/29/2016 0:22:41,,6,2016
702,,HK,5,3,,,7/29/2016 0:23:17,,6,2016
703,,LA,5,3,,,7/31/2016 8:43:57,GAM,6,2016
704,,LA,5,3,,,7/31/2016 11:28:09,INT,6,2016
705,,LA,3,1,,,7/31/2016 13:22:31,GAM,6,2016
706,,LA,1,3,,,8/1/2016 1:39:51,GAM,6,2016
707,,LA,5,3,,,8/1/2016 9:40:14,INT,6,2016
708,,LA,5,3,,,8/1/2016 9:40:14,INT,6,2016
709,,LA,5,3,,,8/1/2016 10:03:22,GAM,6,2016
710,,LA,4,3,,,8/1/2016 10:04:06,GAM,6,2016
711,,LA,4,4,,,8/1/2016 10:06:45,INT,6,2016
712,,LA,4,4,,,8/1/2016 11:22:56,GAM,6,2016
713,,NY,2,2,,,7/29/2016 6:54:22,APP,6,2016
714,,NY,4,3,,,7/29/2016 6:55:40,APP,6,2016
715,,NY,4,4,,,7/29/2016 7:26:56,APP,6,2016
716,,NY,5,3,,,7/29/2016 9:46:08,APP,6,2016
717,,NY,5,3,,,7/29/2016 11:17:08,GAM,6,2016
718,,NY,4,3,,,7/29/2016 13:11:59,INT,6,2016
719,,NY,3,3,,,7/29/2016 13:13:36,APP,6,2016
720,,NY,5,3,,,7/29/2016 13:14:07,APP,6,2016
721,,NY,3,3,,,7/29/2016 13:14:32,GAM,6,2016
722,,NY,4,3,,,7/29/2016 13:15:14,APP,6,2016
723,,NY,5,4,,,7/29/2016 13:17:10,INT,6,2016
724,,NY,4,3,,,7/29/2016 13:17:26,INT,6,2016
725,,NY,5,3,,,7/29/2016 13:17:34,APP,6,2016
726,,NY,2,1,,,7/29/2016 13:17:36,APP,6,2016
727,,NY,4,3,,,7/29/2016 13:17:47,INT,6,2016
728,,NY,4,3,,,7/29/2016 13:17:56,APP,6,2016
729,,NY,5,3,,,7/29/2016 13:19:10,INT,6,2016
730,,NY,4,3,,,7/29/2016 13:19:53,GAM,6,2016
731,,NY,5,5,,,7/29/2016 13:21:00,APP,6,2016
732,,NY,4,3,,,8/5/2016 12:40:44,GAM,6,2016
733,,SF,4,3,,,7/29/2016 15:17:19,APP,6,2016
734,,SF,3,4,,,7/29/2016 16:21:52,APP,6,2016
735,,SF,2,3,,,7/29/2016 16:22:54,APP,6,2016
736,,SF,4,3,,,7/29/2016 16:54:46,APP,6,2016
737,,SF,3,4,,,7/29/2016 22:40:39,APP,6,2016
738,,SF,5,3,,,7/31/2016 23:10:54,APP,6,2016
739,,SF,1,3,,,7/30/2016 11:06:02,APP,6,2016
740,,SF,3,3,,,7/29/2016 15:23:30,APP,6,2016
741,,SF,5,3,,,7/29/2016 15:29:56,APP,6,2016
742,,SF,4,3,,,7/29/2016 15:34:35,APP,6,2016
743,,SF,5,3,,,7/29/2016 15:25:23,APP,6,2016
744,,SF,5,3,,,7/29/2016 15:17:52,GAM,6,2016
745,,SF,5,3,,,7/29/2016 15:14:11,GAM,6,2016
746,,SF,4,3,,,7/29/2016 15:13:01,GAM,6,2016
747,,SF,5,4,,,7/29/2016 17:07:36,GAM,6,2016
748,,SF,5,4,,,7/29/2016 15:50:15,GAM,6,2016
749,,SF,3,4,,,7/29/2016 15:36:20,GAM,6,2016
750,,SF,5,3,,,7/29/2016 18:46:09,INT,6,2016
751,,SF,5,3,,,7/29/2016 16:09:44,INT,6,2016
752,,SF,3,4,,,7/29/2016 15:00:35,INT,6,2016
753,,SF,5,3,,,7/29/2016 15:02:01,INT,6,2016
754,,SF,5,3,,,7/29/2016 15:09:17,INT,6,2016
755,,SF,4,3,,,7/30/2016 9:00:15,,6,2016
756,,SF,4,4,,,7/29/2016 21:45:54,,6,2016
757,,SF,4,3,,,7/30/2016 13:09:48,,6,2016
758,,SG,4,3,,,7/29/2016 19:18:44,,6,2016
759,,SG,5,5,,,7/29/2016 23:12:48,,6,2016
760,,SG,5,3,,,7/30/2016 5:46:01,,6,2016
761,,SG,4,3,,,7/30/2016 7:02:47,,6,2016
762,,SG,3,5,,,7/31/2016 7:40:14,,6,2016
763,,SG,5,3,,,7/31/2016 8:34:29,,6,2016
764,,SV,4,3,,,7/29/2016 13:46:28,APP,6,2016
765,,SV,5,3,,,7/29/2016 13:52:16,APP,6,2016
766,,SV,5,4,,,7/29/2016 16:10:41,APP,6,2016
767,,SV,4,3,,,7/29/2016 15:10:27,APP,6,2016
768,,SV,3,3,,,7/29/2016 14:18:21,APP,6,2016
769,,SV,3,3,,,7/29/2016 15:25:45,APP,6,2016
770,,SV,4,3,,,7/29/2016 16:41:48,APP,6,2016
771,,SV,5,3,,,7/29/2016 15:26:20,APP,6,2016
772,,SV,2,2,,,7/29/2016 13:20:33,APP,6,2016
773,,SV,4,3,,,7/29/2016 13:24:45,APP,6,2016
774,,SV,3,3,,,7/29/2016 13:47:43,APP,6,2016
775,,SV,5,3,,,7/29/2016 15:31:26,APP,6,2016
776,,SV,5,2,,,7/29/2016 15:28:06,APP,6,2016
777,,SV,3,3,,,7/29/2016 13:44:38,GAM,6,2016
778,,SV,4,3,,,7/29/2016 15:36:04,GAM,6,2016
779,,SV,4,3,,,7/29/2016 13:26:06,GAM,6,2016
780,,SV,5,3,,,7/29/2016 15:02:27,GAM,6,2016
781,,SV,4,3,,,7/29/2016 15:15:48,GAM,6,2016
782,,SV,4,4,,,7/29/2016 13:35:17,GAM,6,2016
783,,SV,4,4,,,7/29/2016 13:27:19,GAM,6,2016
784,,SV,3,4,,,7/29/2016 14:40:29,GAM,6,2016
785,,SV,4,3,,,7/29/2016 15:06:33,GAM,6,2016
786,,SV,4,4,,,7/29/2016 15:17:23,GAM,6,2016
787,,SV,4,2,,,7/29/2016 13:23:48,GAM,6,2016
788,,SV,5,3,,,7/29/2016 13:17:25,INT,6,2016
789,,SV,5,2,,,7/29/2016 13:19:14,INT,6,2016
790,,SV,5,3,,,7/29/2016 13:17:38,INT,6,2016
791,,SV,5,4,,,7/29/2016 13:46:22,INT,6,2016
792,,SV,3,4,,,7/29/2016 13:21:13,INT,6,2016
793,,SV,4,3,,,7/29/2016 13:11:56,INT,6,2016
794,,SV,4,3,,,7/29/2016 13:15:55,INT,6,2016
795,,SV,4,3,,,7/29/2016 13:16:10,INT,6,2016
796,,SV,4,3,,,7/29/2016 13:19:58,INT,6,2016
797,,SV,5,3,,,7/29/2016 13:17:35,INT,6,2016
798,,SV,4,2,,,7/29/2016 13:24:51,INT,6,2016
799,,TP,5,3,,,7/29/2016 1:07:23,,6,2016
800,,TP,5,4,,,7/29/2016 1:08:46,,6,2016
801,,TP,5,3,,,7/29/2016 1:11:16,,6,2016
802,,TP,5,3,,,7/29/2016 1:13:23,,6,2016
803,,TP,4,3,,,7/29/2016 1:13:56,,6,2016
804,,TP,4,3,,,7/29/2016 1:17:27,,6,2016
805,,TP,3,4,,,7/29/2016 1:22:25,,6,2016
806,,TP,3,3,,,7/29/2016 1:27:55,,6,2016
807,,TP,5,2,,,7/29/2016 1:28:54,,6,2016
808,,TP,4,4,,,7/29/2016 1:29:23,,6,2016
809,,TP,5,4,,,7/29/2016 1:46:49,,6,2016
810,,TP,5,3,,,7/29/2016 21:20:05,,6,2016
811,,TK,3,4,,,7/31/2016 1:04:57,,6,2016
812,,TK,4,3,,,7/31/2016 3:38:14,,6,2016
813,,TK,4,1,,,7/31/2016 3:59:43,,6,2016
814,,TK,4,2,,,7/31/2016 4:19:51,,6,2016
815,,TK,5,4,,,7/31/2016 5:14:20,,6,2016
816,,TK,3,3,,,7/31/2016 6:50:12,,6,2016
817,,TK,5,5,,,7/31/2016 15:23:52,,6,2016
818,,TK,4,2,,,7/31/2016 16:49:45,,6,2016
819,,TK,3,4,,,8/1/2016 1:18:47,,6,2016
820,,TK,5,3,,,8/1/2016 1:30:17,,6,2016
821,,TK,5,3,,,8/1/2016 1:30:17,,6,2016
822,,TK,4,4,,,8/1/2016 6:15:10,,6,2016
823,,TK,4,3,,,8/1/2016 7:56:08,,6,2016
824,,LA,3,2,,,8/5/2016 11:22:50,INT,7,2016
825,,LA,5,3,,,8/5/2016 11:23:13,INT,7,2016
826,,LA,4,2,,,8/5/2016 11:24:20,GAM,7,2016
827,,LA,4,3,,,8/5/2016 11:29:26,INT,7,2016
828,,LA,4,3,,,8/5/2016 11:31:08,GAM,7,2016
829,,LA,5,3,,,8/5/2016 11:57:53,GAM,7,2016
830,,LA,4,4,,,8/5/2016 13:23:30,INT,7,2016
831,,LA,5,3,,,8/5/2016 13:58:27,GAM,7,2016
832,,LA,5,3,,,8/5/2016 14:00:14,GAM,7,2016
833,,NY,3,3,,,8/5/2016 12:34:16,APP,7,2016
834,,NY,5,3,,,8/5/2016 12:35:50,APP,7,2016
835,,NY,5,3,,,8/5/2016 12:36:31,GAM,7,2016
836,,NY,4,3,,,8/5/2016 12:36:55,GAM,7,2016
837,,NY,4,3,,,8/5/2016 12:37:12,APP,7,2016
838,,NY,4,4,,,8/5/2016 12:37:15,INT,7,2016
839,,NY,5,3,,,8/5/2016 12:39:02,APP,7,2016
840,,NY,5,4,,,8/5/2016 12:39:13,GAM,7,2016
841,,NY,4,3,,,8/5/2016 12:43:00,GAM,7,2016
842,,NY,4,3,,,8/5/2016 12:43:35,APP,7,2016
843,,NY,5,3,,,8/5/2016 12:45:05,INT,7,2016
844,,NY,3,3,,,8/5/2016 12:45:58,GAM,7,2016
845,,NY,5,4,,,8/5/2016 12:46:09,GAM,7,2016
846,,NY,4,3,,,8/5/2016 13:04:11,APP,7,2016
847,,NY,4,3,,,8/5/2016 13:13:02,INT,7,2016
848,,NY,4,3,,,8/5/2016 13:37:41,APP,7,2016
849,,NY,5,4,,,8/5/2016 13:39:55,INT,7,2016
850,,SF,5,5,,,8/5/2016 11:13:01,APP,7,2016
851,,SF,3,3,,,8/5/2016 11:17:11,APP,7,2016
852,,SF,5,3,,,8/5/2016 11:17:52,APP,7,2016
853,,SF,5,4,,,8/5/2016 11:18:01,APP,7,2016
854,,SF,4,3,,,8/5/2016 11:20:15,APP,7,2016
855,,SF,5,3,,,8/5/2016 11:21:10,APP,7,2016
856,,SF,5,3,,,8/5/2016 12:11:04,APP,7,2016
857,,SF,4,4,,,8/5/2016 19:14:21,APP,7,2016
858,,SF,5,3,,,8/5/2016 11:39:18,GAM,7,2016
859,,SF,5,4,,,8/5/2016 12:27:18,GAM,7,2016
860,,SF,4,3,,,8/5/2016 11:20:43,INT,7,2016
861,,SF,4,4,,,8/5/2016 11:38:52,INT,7,2016
862,,SF,5,3,,,8/5/2016 11:56:23,INT,7,2016
863,,SF,5,3,,,8/5/2016 12:35:08,INT,7,2016
864,,SF,4,5,,,8/7/2016 10:45:47,INT,7,2016
865,,SF,5,3,,,8/5/2016 11:21:38,,7,2016
866,,SF,1,3,,,8/8/2016 8:35:18,,7,2016
867,,SF,3,5,,,8/8/2016 8:39:01,,7,2016
868,,SF,2,2,,,8/8/2016 9:41:39,,7,2016
869,,SV,3,3,,,8/5/2016 13:37:43,APP,7,2016
870,,SV,5,3,,,8/5/2016 13:37:50,APP,7,2016
871,,SV,3,3,,,8/5/2016 13:39:25,APP,7,2016
872,,SV,4,3,,,8/5/2016 13:39:27,APP,7,2016
873,,SV,4,3,,,8/5/2016 13:41:05,APP,7,2016
874,,SV,4,3,,,8/5/2016 13:43:54,APP,7,2016
875,,SV,3,3,,,8/5/2016 13:34:26,APP,7,2016
876,,SV,3,3,,,8/5/2016 13:35:21,APP,7,2016
877,,SV,5,3,,,8/5/2016 13:35:36,APP,7,2016
878,,SV,4,4,,,8/5/2016 13:36:39,APP,7,2016
879,,SV,4,3,,,8/5/2016 13:39:14,APP,7,2016
880,,SV,4,3,,,8/5/2016 13:36:43,APP,7,2016
881,,SV,4,3,,,8/5/2016 13:49:53,APP,7,2016
882,,SV,5,3,,,8/5/2016 13:34:54,APP,7,2016
883,,SV,4,3,,,8/5/2016 13:38:26,APP,7,2016
884,,SV,3,1,,,8/5/2016 13:51:09,APP,7,2016
885,,SV,5,2,,,8/5/2016 13:52:31,APP,7,2016
886,,SV,5,3,,,8/5/2016 13:35:43,APP,7,2016
887,,SV,3,3,,,8/5/2016 13:38:05,APP,7,2016
888,,SV,4,3,,,8/5/2016 13:35:03,APP,7,2016
889,,SV,2,3,,,8/5/2016 13:36:44,APP,7,2016
890,,SV,3,3,,,8/5/2016 13:38:33,APP,7,2016
891,,SV,3,4,,,8/5/2016 13:40:07,APP,7,2016
892,,SV,5,5,,,8/5/2016 13:34:18,APP,7,2016
893,,SV,5,4,,,8/5/2016 13:34:53,GAM,7,2016
894,,SV,3,3,,,8/5/2016 13:38:00,GAM,7,2016
895,,SV,5,3,,,8/5/2016 13:51:41,GAM,7,2016
896,,SV,5,4,,,8/5/2016 13:34:04,GAM,7,2016
897,,SV,5,5,,,8/5/2016 13:32:40,GAM,7,2016
898,,SV,4,3,,,8/5/2016 15:07:12,GAM,7,2016
899,,SV,4,3,,,8/5/2016 13:36:23,GAM,7,2016
900,,SV,5,3,,,8/5/2016 13:51:20,GAM,7,2016
901,,SV,4,4,,,8/5/2016 13:39:45,GAM,7,2016
902,,SV,5,3,,,8/5/2016 14:44:00,GAM,7,2016
903,,SV,3,3,,,8/5/2016 14:03:39,GAM,7,2016
904,,SV,4,4,,,8/5/2016 13:47:15,INT,7,2016
905,,SV,4,3,,,8/5/2016 13:45:29,INT,7,2016
906,,SV,5,3,,,8/5/2016 13:49:31,INT,7,2016
907,,SV,5,3,,,8/5/2016 13:47:02,INT,7,2016
908,,SV,5,3,,,8/5/2016 13:48:45,INT,7,2016
909,,SV,5,3,,,8/5/2016 13:44:33,INT,7,2016
910,,SV,5,4,,,8/5/2016 13:43:43,INT,7,2016
911,,SV,4,4,,,8/5/2016 13:44:24,INT,7,2016
912,,SV,4,3,,,8/5/2016 13:43:17,INT,7,2016
913,,SV,5,3,,,8/5/2016 13:51:18,INT,7,2016
914,,SV,4,2,,,8/5/2016 13:43:35,INT,7,2016
915,,SV,3,3,,,8/7/2016 17:45:06,APP,7,2016
916,,TP,3,3,,,8/5/2016 1:39:41,,7,2016
917,,TP,4,3,,,8/5/2016 1:40:47,,7,2016
918,,TP,4,3,,,8/5/2016 1:40:50,,7,2016
919,,TP,4,4,,,8/5/2016 1:42:44,,7,2016
920,,TP,5,4,,,8/5/2016 1:45:13,,7,2016
921,,TP,4,3,,,8/5/2016 1:45:39,,7,2016
922,,TP,4,3,,,8/5/2016 1:49:21,,7,2016
923,,TP,5,3,,,8/8/2016 1:30:34,,7,2016
924,,TP,5,3,,,8/8/2016 1:33:45,,7,2016
925,,TP,5,3,,,8/8/2016 1:49:29,,7,2016
926,,TP,3,3,,,8/8/2016 1:51:00,,7,2016
0,,NY,5,,9/7/16 1:03,9/7/16 1:04,,APP,8,2016
1,,SF,5,,9/7/16 1:03,9/7/16 1:04,,INT,8,2016
2,,NY,5,,9/7/16 1:03,9/7/16 1:05,,INT,8,2016
3,,SV,4,,9/7/16 1:04,9/7/16 1:06,,HLF,8,2016
4,,SF,1,,9/7/16 1:04,9/7/16 1:11,,INT,8,2016
5,,SF,5,,9/7/16 1:09,9/7/16 1:13,,APP,8,2016
6,,SF,4,,9/7/16 1:04,9/7/16 1:14,,APP,8,2016
7,,NY,1,,9/7/16 1:14,9/7/16 1:15,,GAM,8,2016
8,,SG,3,,9/7/16 1:16,9/7/16 1:21,,APP,8,2016
9,,NY,4,,9/7/16 1:22,9/7/16 1:27,,GAM,8,2016
10,,SV,5,,9/7/16 1:28,9/7/16 1:29,,GAM,8,2016
11,,SF,5,,9/7/16 1:22,9/7/16 1:33,,VR,8,2016
12,,SF,4,,9/7/16 1:30,9/7/16 1:36,,INT,8,2016
13,,SV,4,,9/7/16 1:47,9/7/16 1:50,,APP,8,2016
14,,LA,4,,9/7/16 1:34,9/7/16 1:51,,GAM,8,2016
15,,SF,5,,9/7/16 2:28,9/7/16 2:33,,APP,8,2016
16,,SV,4,,9/7/16 2:39,9/7/16 2:41,,GAM,8,2016
17,,NY,5,,9/7/16 2:39,9/7/16 2:43,,GAM,8,2016
18,,SG,3,,9/7/16 2:47,9/7/16 2:50,,APP,8,2016
19,,SF,5,,9/7/16 2:56,9/7/16 2:56,,INT,8,2016
20,,SF,5,,9/7/16 2:58,9/7/16 2:59,,APP,8,2016
21,,SV,5,,9/7/16 2:59,9/7/16 3:01,,GAM,8,2016
22,,NY,2,,9/7/16 3:05,9/7/16 3:08,,INT,8,2016
23,,SF,4,,9/7/16 3:22,9/7/16 3:31,,GAM,8,2016
24,,SV,5,,9/7/16 3:15,9/7/16 3:31,,GAM,8,2016
25,,SV,4,,9/7/16 3:41,9/7/16 3:42,,APP,8,2016
26,,SF,5,,9/7/16 4:04,9/7/16 4:05,,INT,8,2016
27,,SV,5,,9/7/16 4:07,9/7/16 4:10,,APP,8,2016
28,,SV,3,,9/7/16 4:20,9/7/16 4:21,,GAM,8,2016
29,,SF,5,,9/7/16 5:41,9/7/16 5:43,,GAM,8,2016
30,,SV,4,,9/7/16 6:30,9/7/16 6:40,,APP,8,2016
31,,SV,4,,9/7/16 7:55,9/7/16 7:58,,APP,8,2016
32,,SV,2,,9/7/16 10:52,9/7/16 10:52,,GAM,8,2016
33,,SG,4,,9/7/16 11:47,9/7/16 11:49,,APP,8,2016
34,,SG,4,,9/7/16 9:16,9/7/16 12:26,,APP,8,2016
35,,SG,4,,9/7/16 12:26,9/7/16 12:26,,APP,8,2016
36,,SF,5,,9/7/16 12:45,9/7/16 12:48,,APP,8,2016
37,,NY,5,,9/7/16 13:09,9/7/16 13:10,,INT,8,2016
38,,SF,4,,9/7/16 14:39,9/7/16 14:40,,HLF,8,2016
39,,NY,5,,9/7/16 14:52,9/7/16 14:54,,APP,8,2016
40,,SV,4,,9/7/16 15:57,9/7/16 15:58,,APP,8,2016
41,,SF,5,,9/7/16 17:11,9/7/16 17:21,,APP,8,2016
42,,SF,4,,9/7/16 19:13,9/7/16 19:25,,VR,8,2016
43,,NY,3,,9/7/16 19:23,9/7/16 19:26,,HLF,8,2016
44,,SF,5,,9/7/16 19:39,9/7/16 19:40,,APP,8,2016
45,,LA,5,,9/7/16 19:51,9/7/16 19:57,,GAM,8,2016
46,,SV,5,,9/7/16 23:58,9/8/16 0:00,,INT,8,2016
47,,NY,4,,9/8/16 0:50,9/8/16 0:58,,APP,8,2016
48,,SF,5,,9/8/16 1:55,9/8/16 1:59,,GAM,8,2016
49,,SV,3,,9/8/16 5:59,9/8/16 6:04,,APP,8,2016
50,,LA,5,,9/8/16 14:25,9/8/16 14:27,,,8,2016
51,,SF,4,,9/8/16 22:00,9/8/16 22:06,,GAM,8,2016
52,,NY,4,,9/8/16 22:16,9/8/16 22:20,,APP,8,2016
53,,SF,5,,9/8/16 23:06,9/8/16 23:07,,APP,8,2016
54,,SF,3,,9/8/16 23:01,9/8/16 23:11,,APP,8,2016
55,,SF,3,,9/9/16 1:41,9/9/16 1:42,,INT,8,2016
56,,SF,5,,9/9/16 4:22,9/9/16 4:25,,INT,8,2016
57,,SF,4,,9/9/16 11:06,9/9/16 11:09,,APP,8,2016
58,,NY,5,,9/9/16 13:24,9/9/16 13:28,,GAM,8,2016
59,,SF,4,,9/10/16 22:28,9/10/16 22:30,,GAM,8,2016
60,,SF,4,,9/12/16 0:05,9/12/16 0:13,,APP,8,2016
61,,SF,2,,9/13/16 4:36,9/13/16 4:42,,VR,8,2016
62,,SF,5,,9/7/16 5:08,9/13/16 20:13,,,8,2016
63,,SF,4,,9/14/16 12:04,9/14/16 12:10,,INT,8,2016
64,,SV,4,,9/26/16 16:33,9/26/16 16:34,,GAM,8,2016
0,134.0,SF,1,3.0,,,,APX,1,2017
1,36.0,LA,2,4.0,,,,APP,1,2017
2,117.0,SF,2,1.0,,,,GAM,1,2017
3,253.0,,2,4.0,,,,,2,2017
4,350.0,NY,2,3.0,,,,APX,1,2017
5,23.0,RW,2,3.0,,,,APP,1,2017
6,28.0,LA,2,3.0,,,,APP,7,2017
7,65.0,SF,2,2.0,,,,APP,1,2017
8,101.0,SC,2,2.0,,,,APP,1,2017
9,124.0,SC,2,3.0,,,,APP,1,2017
10,157.0,RW,2,3.0,,,,APP,2,2017
11,170.0,OA,2,3.0,,,,APP,2,2017
12,255.0,SF,2,5.0,,,,APP,2,2017
13,289.0,DC,2,3.0,,,,APP,1,2017
14,299.0,DC,2,2.0,,,,APX,1,2017
15,307.0,,2,2.0,,,,,3,2017
16,319.0,RW,2,3.0,,,,APP,3,2017
17,336.0,NY,2,2.0,,,,APP,1,2017
18,441.0,SF,2,3.0,,,,APX,3,2017
19,482.0,SC,2,3.0,,,,APP,3,2017
20,37.0,LA,3,3.0,,,,GAM,1,2017
21,41.0,CH,3,3.0,,,,APX,1,2017
22,45.0,CH,3,2.0,,,,APP,1,2017
23,47.0,CH,3,2.0,,,,APP,1,2017
24,77.0,SF,3,4.0,,,,APP,1,2017
25,78.0,SF,3,4.0,,,,APP,1,2017
26,94.0,SF,3,3.0,,,,APX,1,2017
27,193.0,SC,3,3.0,,,,APP,2,2017
28,251.0,SF,3,3.0,,,,APX,2,2017
29,254.0,SF,3,5.0,,,,APP,2,2017
30,276.0,SC,3,3.0,,,,APP,2,2017
31,294.0,DC,3,5.0,,,,APP,1,2017
32,314.0,RW,3,2.0,,,,APP,3,2017
33,340.0,,3,2.0,,,,,1,2017
34,347.0,NY,3,4.0,,,,GAM,1,2017
35,349.0,NY,3,3.0,,,,APP,1,2017
36,397.0,SC,3,1.0,,,,GAM,3,2017
37,429.0,SC,3,3.0,,,,APP,3,2017
38,438.0,SF,3,3.0,,,,APX,3,2017
39,452.0,SF,3,5.0,,,,APP,3,2017
40,455.0,SF,3,3.0,,,,APX,3,2017
41,472.0,SF,3,4.0,,,,APP,3,2017
42,484.0,OA,3,2.0,,,,APP,3,2017
43,489.0,,3,2.0,,,,,1,2017
44,20.0,RW,3,2.0,,,,APP,1,2017
45,26.0,LA,3,4.0,,,,APP,1,2017
46,35.0,LA,3,3.0,,,,APP,1,2017
47,38.0,CH,3,4.0,,,,APP,1,2017
48,48.0,SF,3,2.0,,,,VR,1,2017
49,62.0,SF,3,4.0,,,,APP,1,2017
50,67.0,SF,3,3.0,,,,APP,1,2017
51,72.0,SF,3,4.0,,,,APP,1,2017
52,75.0,SF,3,4.0,,,,APP,1,2017
53,85.0,SC,3,4.0,,,,APP,1,2017
54,87.0,SF,3,4.0,,,,APP,1,2017
55,104.0,SF,3,4.0,,,,APX,1,2017
56,107.0,SF,3,3.0,,,,GAM,1,2017
57,118.0,SF,3,3.0,,,,APX,1,2017
58,122.0,SC,3,3.0,,,,APP,1,2017
59,136.0,SF,3,3.0,,,,APX,1,2017
60,140.0,SF,3,4.0,,,,APX,1,2017
61,155.0,SF,3,3.0,,,,APP,1,2017
62,162.0,RW,3,3.0,,,,APP,2,2017
63,175.0,CH,3,2.0,,,,APP,2,2017
64,192.0,SC,3,3.0,,,,APP,2,2017
65,199.0,SC,3,4.0,,,,APP,2,2017
66,222.0,LA,3,4.0,,,,APP,2,2017
67,223.0,SF,3,3.0,,,,APX,2,2017
68,226.0,SF,3,3.0,,,,APX,2,2017
69,247.0,SF,3,3.0,,,,APX,2,2017
70,249.0,SF,3,4.0,,,,APP,2,2017
71,257.0,SF,3,4.0,,,,APP,2,2017
72,258.0,SF,3,4.0,,,,APP,2,2017
73,266.0,SF,3,4.0,,,,APP,2,2017
74,270.0,SF,3,3.0,,,,GAM,2,2017
75,287.0,AT,3,4.0,,,,APX,2,2017
76,295.0,DC,3,3.0,,,,APP,1,2017
77,305.0,OA,3,2.0,,,,APP,2,2017
78,318.0,RW,3,3.0,,,,APP,3,2017
79,327.0,RW,3,3.0,,,,APP,3,2017
80,329.0,DC,3,3.0,,,,APP,2,2017
81,339.0,NY,3,3.0,,,,APP,1,2017
82,343.0,NY,3,2.0,,,,APP,1,2017
83,344.0,NY,3,3.0,,,,GAM,1,2017
84,346.0,NY,3,3.0,,,,GAM,1,2017
85,353.0,NY,3,3.0,,,,APP,1,2017
86,375.0,CH,3,4.0,,,,APP,3,2017
87,380.0,CH,3,4.0,,,,APP,3,2017
88,385.0,CH,3,3.0,,,,APX,3,2017
89,400.0,SC,3,4.0,,,,APP,3,2017
90,443.0,SC,3,2.0,,,,APP,3,2017
91,446.0,SF,3,3.0,,,,APP,3,2017
92,459.0,SC,3,4.0,,,,APP,3,2017
93,465.0,,3,3.0,,,,,3,2017
94,486.0,DC,3,5.0,,,,APP,2,2017
95,497.0,NY,3,3.0,,,,APX,1,2017
96,8.0,AT,4,3.0,,,,APX,1,2017
97,9.0,AT,4,3.0,,,,APP,1,2017
98,10.0,AT,4,3.0,,,,APX,1,2017
99,14.0,AT,4,2.0,,,,APP,1,2017
100,16.0,RW,4,2.0,,,,APP,1,2017
101,18.0,SF,4,5.0,,,,APX,1,2017
102,21.0,RW,4,2.0,,,,APP,1,2017
103,25.0,RW,4,3.0,,,,APP,1,2017
104,29.0,LA,4,4.0,,,,APP,1,2017
105,31.0,LA,4,4.0,,,,GAM,1,2017
106,39.0,CH,4,4.0,,,,APP,1,2017
107,40.0,CH,4,3.0,,,,APP,1,2017
108,46.0,CH,4,3.0,,,,APX,1,2017
109,53.0,SF,4,3.0,,,,VR,1,2017
110,55.0,SF,4,3.0,,,,VR,1,2017
111,58.0,SF,4,3.0,,,,APP,1,2017
112,61.0,SF,4,4.0,,,,APP,1,2017
113,63.0,SF,4,3.0,,,,APP,1,2017
114,74.0,SF,4,2.0,,,,APX,1,2017
115,80.0,SC,4,3.0,,,,APP,1,2017
116,81.0,SF,4,3.0,,,,APX,1,2017
117,83.0,OA,4,4.0,,,,APP,1,2017
118,84.0,SC,4,3.0,,,,GAM,1,2017
119,86.0,SC,4,3.0,,,,APP,1,2017
120,88.0,SC,4,2.0,,,,GAM,1,2017
121,90.0,SC,4,2.0,,,,APP,1,2017
122,91.0,SC,4,2.0,,,,APP,1,2017
123,92.0,SC,4,3.0,,,,GAM,1,2017
124,95.0,SC,4,3.0,,,,APX,1,2017
125,96.0,SC,4,3.0,,,,APP,1,2017
126,99.0,SC,4,3.0,,,,APX,1,2017
127,100.0,SC,4,3.0,,,,APX,1,2017
128,105.0,OA,4,4.0,,,,APP,1,2017
129,109.0,SF,4,3.0,,,,GAM,1,2017
130,114.0,SC,4,3.0,,,,GAM,1,2017
131,115.0,SF,4,2.0,,,,GAM,1,2017
132,121.0,SF,4,2.0,,,,GAM,1,2017
133,125.0,SC,4,3.0,,,,GAM,1,2017
134,126.0,OA,4,4.0,,,,APP,1,2017
135,130.0,SF,4,3.0,,,,APP,1,2017
136,132.0,SF,4,3.0,,,,GAM,1,2017
137,133.0,SF,4,4.0,,,,APP,1,2017
138,135.0,SF,4,3.0,,,,APX,1,2017
139,137.0,SF,4,2.0,,,,APX,1,2017
140,147.0,SC,4,4.0,,,,APP,1,2017
141,153.0,SC,4,2.0,,,,GAM,1,2017
142,159.0,RW,4,2.0,,,,APP,2,2017
143,161.0,RW,4,4.0,,,,APP,2,2017
144,163.0,RW,4,4.0,,,,APP,2,2017
145,173.0,CH,4,3.0,,,,APP,2,2017
146,176.0,CH,4,4.0,,,,APX,2,2017
147,180.0,SC,4,4.0,,,,APP,2,2017
148,181.0,SC,4,4.0,,,,APP,2,2017
149,185.0,SC,4,3.0,,,,APX,2,2017
150,186.0,SC,4,4.0,,,,APP,2,2017
151,189.0,SC,4,3.0,,,,GAM,2,2017
152,194.0,SC,4,3.0,,,,APP,2,2017
153,196.0,SC,4,3.0,,,,APP,2,2017
154,198.0,SC,4,4.0,,,,APP,2,2017
155,200.0,SC,4,3.0,,,,APP,2,2017
156,202.0,SC,4,3.0,,,,GAM,2,2017
157,209.0,SF,4,4.0,,,,VR,2,2017
158,210.0,SF,4,3.0,,,,VR,2,2017
159,212.0,LA,4,2.0,,,,APP,2,2017
160,219.0,LA,4,3.0,,,,APP,2,2017
161,220.0,LA,4,4.0,,,,APP,2,2017
162,224.0,SF,4,3.0,,,,APX,2,2017
163,232.0,LA,4,3.0,,,,APP,2,2017
164,233.0,LA,4,3.0,,,,GAM,2,2017
165,234.0,SF,4,3.0,,,,GAM,2,2017
166,236.0,SC,4,3.0,,,,APX,2,2017
167,239.0,SF,4,2.0,,,,APX,2,2017
168,242.0,SF,4,4.0,,,,APP,2,2017
169,244.0,,4,4.0,,,,,2,2017
170,245.0,SF,4,3.0,,,,APX,2,2017
171,246.0,SF,4,4.0,,,,APP,2,2017
172,248.0,SF,4,3.0,,,,APP,2,2017
173,259.0,SF,4,3.0,,,,APX,2,2017
174,260.0,SF,4,3.0,,,,APP,2,2017
175,261.0,SF,4,3.0,,,,APP,2,2017
176,267.0,LA,4,4.0,,,,APP,2,2017
177,272.0,SF,4,3.0,,,,APP,2,2017
178,273.0,SF,4,3.0,,,,APP,2,2017
179,274.0,SF,4,3.0,,,,APP,2,2017
180,279.0,SF,4,3.0,,,,APP,2,2017
181,280.0,SC,4,3.0,,,,APP,2,2017
182,285.0,AT,4,3.0,,,,APP,2,2017
183,290.0,DC,4,3.0,,,,APP,1,2017
184,293.0,DC,4,3.0,,,,APP,1,2017
185,297.0,DC,4,3.0,,,,APX,1,2017
186,302.0,DC,4,2.0,,,,APP,1,2017
187,306.0,NY,4,2.0,,,,APP,1,2017
188,308.0,SF,4,3.0,,,,APP,3,2017
189,311.0,SF,4,4.0,,,,APP,3,2017
190,312.0,SF,4,4.0,,,,APP,3,2017
191,320.0,SF,4,4.0,,,,APP,3,2017
192,321.0,RW,4,3.0,,,,APP,3,2017
193,325.0,DC,4,4.0,,,,APP,2,2017
194,326.0,DC,4,4.0,,,,APX,2,2017
195,330.0,NY,4,2.0,,,,APP,1,2017
196,331.0,NY,4,3.0,,,,APP,1,2017
197,332.0,NY,4,2.0,,,,APP,1,2017
198,333.0,NY,4,3.0,,,,GMX,1,2017
199,334.0,NY,4,2.0,,,,GAM,1,2017
200,335.0,NY,4,3.0,,,,APP,1,2017
201,341.0,NY,4,4.0,,,,APP,1,2017
202,342.0,NY,4,4.0,,,,GAM,1,2017
203,345.0,NY,4,4.0,,,,GAM,1,2017
204,352.0,AT,4,3.0,,,,APP,3,2017
205,354.0,,4,3.0,,,,,1,2017
206,355.0,AT,4,3.0,,,,APX,3,2017
207,359.0,NY,4,3.0,,,,APP,1,2017
208,360.0,NY,4,3.0,,,,APP,1,2017
209,362.0,AT,4,3.0,,,,APX,3,2017
210,365.0,NY,4,3.0,,,,APP,1,2017
211,366.0,NY,4,3.0,,,,GMX,1,2017
212,368.0,NY,4,3.0,,,,GAM,1,2017
213,370.0,NY,4,3.0,,,,APP,1,2017
214,372.0,SF,4,4.0,,,,APP,3,2017
215,378.0,CH,4,4.0,,,,APP,3,2017
216,381.0,CH,4,3.0,,,,APP,3,2017
217,382.0,CH,4,3.0,,,,APP,3,2017
218,384.0,CH,4,3.0,,,,APX,3,2017
219,387.0,SF,4,2.0,,,,VR,3,2017
220,391.0,SC,4,4.0,,,,APP,3,2017
221,392.0,SC,4,3.0,,,,APP,3,2017
222,393.0,SC,4,3.0,,,,GAM,3,2017
223,394.0,SC,4,4.0,,,,APP,3,2017
224,396.0,SC,4,2.0,,,,GAM,3,2017
225,399.0,SC,4,3.0,,,,APX,3,2017
226,401.0,SC,4,2.0,,,,GAM,3,2017
227,404.0,LA,4,3.0,,,,APP,3,2017
228,408.0,LA,4,3.0,,,,APP,3,2017
229,410.0,LA,4,4.0,,,,GAM,3,2017
230,413.0,LA,4,4.0,,,,APP,3,2017
231,418.0,LA,4,4.0,,,,APP,3,2017
232,423.0,,4,3.0,,,,,3,2017
233,424.0,SF,4,3.0,,,,APP,3,2017
234,425.0,SC,4,4.0,,,,APP,3,2017
235,426.0,SF,4,3.0,,,,APX,3,2017
236,427.0,SC,4,3.0,,,,GAM,3,2017
237,430.0,SF,4,3.0,,,,APX,3,2017
238,431.0,SF,4,3.0,,,,GAM,3,2017
239,433.0,SF,4,3.0,,,,APX,3,2017
240,449.0,SF,4,3.0,,,,APX,3,2017
241,450.0,SF,4,3.0,,,,APX,3,2017
242,458.0,DC,4,3.0,,,,APP,2,2017
243,460.0,SF,4,4.0,,,,APP,3,2017
244,463.0,SF,4,3.0,,,,APX,3,2017
245,468.0,DC,4,4.0,,,,APP,2,2017
246,469.0,DC,4,3.0,,,,APP,2,2017
247,471.0,SF,4,2.0,,,,GAM,3,2017
248,481.0,OA,4,3.0,,,,APP,3,2017
249,488.0,NY,4,3.0,,,,APP,1,2017
250,494.0,NY,4,3.0,,,,APP,1,2017
251,498.0,NY,4,4.0,,,,APP,1,2017
252,499.0,NY,4,3.0,,,,APP,1,2017
253,501.0,NY,4,4.0,,,,APX,1,2017
254,502.0,NY,4,3.0,,,,APP,1,2017
255,504.0,NY,4,3.0,,,,APP,1,2017
256,11.0,AT,4,3.0,,,,APX,1,2017
257,15.0,RW,4,3.0,,,,APP,1,2017
258,27.0,LA,4,3.0,,,,GAM,1,2017
259,30.0,LA,4,3.0,,,,APP,1,2017
260,32.0,LA,4,4.0,,,,APP,1,2017
261,33.0,LA,4,3.0,,,,GAM,1,2017
262,56.0,SF,4,3.0,,,,VR,1,2017
263,59.0,SF,4,3.0,,,,APP,1,2017
264,60.0,SF,4,3.0,,,,APP,1,2017
265,68.0,SF,4,3.0,,,,APP,1,2017
266,69.0,SF,4,3.0,,,,APP,1,2017
267,73.0,SF,4,3.0,,,,APP,1,2017
268,79.0,SC,4,3.0,,,,GMX,1,2017
269,82.0,SC,4,4.0,,,,APP,1,2017
270,89.0,SC,4,4.0,,,,APP,1,2017
271,93.0,SC,4,3.0,,,,GMX,1,2017
272,98.0,SC,4,4.0,,,,APP,1,2017
273,102.0,SC,4,3.0,,,,APP,1,2017
274,103.0,SC,4,3.0,,,,GAM,1,2017
275,110.0,SF,4,4.0,,,,GAM,1,2017
276,111.0,SC,4,3.0,,,,GAM,1,2017
277,112.0,SF,4,4.0,,,,APP,1,2017
278,113.0,SF,4,4.0,,,,GAM,1,2017
279,128.0,SF,4,3.0,,,,APX,1,2017
280,131.0,SF,4,3.0,,,,APP,1,2017
281,138.0,SF,4,3.0,,,,APX,1,2017
282,148.0,SF,4,3.0,,,,APP,1,2017
283,156.0,RW,4,3.0,,,,APP,2,2017
284,167.0,RW,4,3.0,,,,APP,2,2017
285,168.0,RW,4,3.0,,,,APP,2,2017
286,169.0,RW,4,4.0,,,,APP,2,2017
287,171.0,CH,4,4.0,,,,APP,2,2017
288,172.0,CH,4,3.0,,,,APP,2,2017
289,178.0,CH,4,4.0,,,,APX,2,2017
290,179.0,SC,4,1.0,,,,GAM,2,2017
291,182.0,SC,4,2.0,,,,GAM,2,2017
292,183.0,SC,4,3.0,,,,APX,2,2017
293,184.0,SC,4,3.0,,,,GAM,2,2017
294,188.0,SC,4,3.0,,,,GAM,2,2017
295,190.0,SC,4,2.0,,,,GAM,2,2017
296,191.0,SC,4,3.0,,,,GMX,2,2017
297,195.0,SC,4,4.0,,,,GMX,2,2017
298,197.0,SC,4,4.0,,,,APP,2,2017
299,201.0,SF,4,2.0,,,,VR,2,2017
300,204.0,SF,4,3.0,,,,VR,2,2017
301,211.0,SF,4,3.0,,,,VR,2,2017
302,215.0,LA,4,4.0,,,,APP,2,2017
303,218.0,LA,4,3.0,,,,GAM,2,2017
304,221.0,LA,4,3.0,,,,APP,2,2017
305,225.0,LA,4,2.0,,,,GAM,2,2017
306,228.0,LA,4,4.0,,,,APP,2,2017
307,229.0,SC,4,3.0,,,,APP,2,2017
308,230.0,LA,4,3.0,,,,GAM,2,2017
309,231.0,OA,4,3.0,,,,APP,2,2017
310,235.0,SF,4,2.0,,,,APX,2,2017
311,240.0,SF,4,3.0,,,,APP,2,2017
312,241.0,,4,4.0,,,,,2,2017
313,243.0,SF,4,3.0,,,,APP,2,2017
314,250.0,SF,4,3.0,,,,GAM,2,2017
315,252.0,SF,4,3.0,,,,APP,2,2017
316,262.0,SF,4,2.0,,,,APX,2,2017
317,264.0,SF,4,3.0,,,,APP,2,2017
318,265.0,SF,4,4.0,,,,APP,2,2017
319,269.0,SF,4,3.0,,,,GAM,2,2017
320,271.0,AT,4,3.0,,,,APX,2,2017
321,277.0,SC,4,3.0,,,,APP,2,2017
322,278.0,SF,4,2.0,,,,GAM,2,2017
323,286.0,AT,4,4.0,,,,APX,2,2017
324,288.0,DC,4,3.0,,,,APP,1,2017
325,298.0,DC,4,3.0,,,,APX,1,2017
326,300.0,SF,4,3.0,,,,GAM,2,2017
327,301.0,SF,4,3.0,,,,APX,2,2017
328,304.0,SF,4,2.0,,,,GAM,2,2017
329,309.0,SF,4,3.0,,,,APP,3,2017
330,310.0,SF,4,3.0,,,,APP,3,2017
331,313.0,RW,4,3.0,,,,APP,3,2017
332,315.0,RW,4,4.0,,,,APP,3,2017
333,316.0,RW,4,3.0,,,,APP,3,2017
334,323.0,DC,4,3.0,,,,APX,2,2017
335,324.0,DC,4,2.0,,,,APP,2,2017
336,328.0,RW,4,3.0,,,,APP,3,2017
337,337.0,NY,4,3.0,,,,GAM,1,2017
338,361.0,AT,4,3.0,,,,APX,3,2017
339,367.0,SF,4,3.0,,,,VR,3,2017
340,373.0,CH,4,3.0,,,,APP,3,2017
341,379.0,CH,4,3.0,,,,APX,3,2017
342,388.0,SC,4,3.0,,,,APP,3,2017
343,389.0,SC,4,3.0,,,,APP,3,2017
344,390.0,SC,4,3.0,,,,GAM,3,2017
345,395.0,SC,4,4.0,,,,APX,3,2017
346,398.0,SC,4,3.0,,,,APX,3,2017
347,403.0,SC,4,3.0,,,,APP,3,2017
348,405.0,LA,4,2.0,,,,APP,3,2017
349,415.0,LA,4,3.0,,,,APP,3,2017
350,419.0,SC,4,3.0,,,,GMX,3,2017
351,420.0,LA,4,3.0,,,,GAM,3,2017
352,421.0,SC,4,4.0,,,,GMX,3,2017
353,432.0,SC,4,3.0,,,,APP,3,2017
354,434.0,SC,4,3.0,,,,APP,3,2017
355,435.0,SF,4,3.0,,,,GAM,3,2017
356,439.0,SF,4,3.0,,,,APX,3,2017
357,442.0,SF,4,4.0,,,,APX,3,2017
358,445.0,SF,4,3.0,,,,GAM,3,2017
359,454.0,SF,4,3.0,,,,VR,3,2017
360,456.0,SF,4,4.0,,,,VR,3,2017
361,457.0,SF,4,3.0,,,,APP,3,2017
362,461.0,SF,4,3.0,,,,APP,3,2017
363,464.0,SF,4,3.0,,,,APP,3,2017
364,466.0,SF,4,3.0,,,,GAM,3,2017
365,470.0,SF,4,4.0,,,,APP,3,2017
366,473.0,OA,4,3.0,,,,APP,3,2017
367,477.0,OA,4,3.0,,,,APP,3,2017
368,479.0,SF,4,4.0,,,,APX,3,2017
369,480.0,SC,4,3.0,,,,GMX,3,2017
370,485.0,SF,4,3.0,,,,GAM,3,2017
371,487.0,NY,4,3.0,,,,APP,1,2017
372,490.0,NY,4,3.0,,,,APP,1,2017
373,492.0,NY,4,2.0,,,,APP,1,2017
374,495.0,NY,4,3.0,,,,APP,1,2017
375,500.0,NY,4,3.0,,,,GMX,1,2017
376,12.0,AT,5,3.0,,,,APP,1,2017
377,13.0,AT,5,3.0,,,,APX,1,2017
378,17.0,RW,5,3.0,,,,APP,1,2017
379,19.0,RW,5,3.0,,,,APP,1,2017
380,22.0,RW,5,3.0,,,,APP,1,2017
381,24.0,RW,5,4.0,,,,APP,1,2017
382,34.0,LA,5,3.0,,,,APP,1,2017
383,42.0,CH,5,3.0,,,,APP,1,2017
384,43.0,CH,5,3.0,,,,APX,1,2017
385,44.0,CH,5,4.0,,,,APP,1,2017
386,49.0,SF,5,3.0,,,,VR,1,2017
387,50.0,SF,5,2.0,,,,VR,1,2017
388,51.0,SF,5,4.0,,,,VR,1,2017
389,52.0,SF,5,3.0,,,,VR,1,2017
390,54.0,SF,5,3.0,,,,VR,1,2017
391,57.0,SF,5,3.0,,,,VR,1,2017
392,64.0,SF,5,3.0,,,,APP,1,2017
393,66.0,SF,5,3.0,,,,APP,1,2017
394,70.0,SF,5,3.0,,,,APP,1,2017
395,71.0,SF,5,3.0,,,,APP,1,2017
396,76.0,OA,5,3.0,,,,APX,1,2017
397,97.0,SC,5,4.0,,,,APX,1,2017
398,106.0,SF,5,3.0,,,,GAM,1,2017
399,108.0,SC,5,4.0,,,,APP,1,2017
400,116.0,SF,5,3.0,,,,GAM,1,2017
401,119.0,SF,5,3.0,,,,GAM,1,2017
402,120.0,SF,5,4.0,,,,GAM,1,2017
403,123.0,SF,5,2.0,,,,GAM,1,2017
404,127.0,SF,5,3.0,,,,GAM,1,2017
405,129.0,OA,5,3.0,,,,APP,1,2017
406,139.0,OA,5,2.0,,,,APP,1,2017
407,149.0,LA,5,3.0,,,,APP,1,2017
408,151.0,LA,5,3.0,,,,APP,1,2017
409,152.0,LA,5,3.0,,,,APP,1,2017
410,160.0,RW,5,3.0,,,,APP,2,2017
411,174.0,CH,5,4.0,,,,APP,2,2017
412,187.0,SC,5,4.0,,,,APP,2,2017
413,203.0,SF,5,2.0,,,,VR,2,2017
414,205.0,SF,5,4.0,,,,VR,2,2017
415,206.0,SF,5,3.0,,,,VR,2,2017
416,207.0,SF,5,3.0,,,,VR,2,2017
417,208.0,SF,5,3.0,,,,VR,2,2017
418,213.0,LA,5,2.0,,,,APP,2,2017
419,214.0,LA,5,3.0,,,,APP,2,2017
420,216.0,LA,5,3.0,,,,APP,2,2017
421,227.0,SC,5,4.0,,,,APX,2,2017
422,237.0,AT,5,3.0,,,,APP,2,2017
423,238.0,SF,5,3.0,,,,APP,2,2017
424,256.0,SF,5,4.0,,,,APX,2,2017
425,263.0,SF,5,4.0,,,,APP,2,2017
426,281.0,CH,5,3.0,,,,APP,2,2017
427,282.0,SF,5,3.0,,,,GAM,2,2017
428,283.0,AT,5,3.0,,,,APP,2,2017
429,284.0,AT,5,4.0,,,,APX,2,2017
430,291.0,DC,5,3.0,,,,APP,1,2017
431,292.0,DC,5,3.0,,,,APX,1,2017
432,296.0,DC,5,3.0,,,,APP,1,2017
433,303.0,OA,5,4.0,,,,APP,2,2017
434,317.0,RW,5,3.0,,,,APP,3,2017
435,322.0,DC,5,3.0,,,,APX,2,2017
436,338.0,NY,5,4.0,,,,APP,1,2017
437,348.0,SF,5,3.0,,,,VR,3,2017
438,351.0,AT,5,3.0,,,,APP,3,2017
439,356.0,,5,3.0,,,,,1,2017
440,357.0,NY,5,3.0,,,,APP,1,2017
441,358.0,NY,5,3.0,,,,APP,1,2017
442,363.0,AT,5,3.0,,,,APP,3,2017
443,364.0,AT,5,3.0,,,,APX,3,2017
444,369.0,SF,5,4.0,,,,VR,3,2017
445,371.0,AT,5,3.0,,,,APP,3,2017
446,374.0,CH,5,4.0,,,,APP,3,2017
447,376.0,CH,5,3.0,,,,APP,3,2017
448,377.0,CH,5,3.0,,,,APP,3,2017
449,383.0,SF,5,3.0,,,,VR,3,2017
450,386.0,SF,5,3.0,,,,VR,3,2017
451,402.0,SC,5,3.0,,,,APP,3,2017
452,406.0,LA,5,3.0,,,,GAM,3,2017
453,407.0,LA,5,3.0,,,,APP,3,2017
454,409.0,LA,5,3.0,,,,APP,3,2017
455,411.0,LA,5,3.0,,,,APP,3,2017
456,412.0,LA,5,3.0,,,,GAM,3,2017
457,414.0,LA,5,3.0,,,,APP,3,2017
458,417.0,LA,5,3.0,,,,APP,3,2017
459,422.0,SF,5,4.0,,,,APX,3,2017
460,428.0,LA,5,3.0,,,,APP,3,2017
461,436.0,SF,5,3.0,,,,GAM,3,2017
462,437.0,SF,5,3.0,,,,APP,3,2017
463,440.0,SF,5,3.0,,,,GAM,3,2017
464,444.0,SF,5,3.0,,,,APP,3,2017
465,447.0,SF,5,3.0,,,,APP,3,2017
466,448.0,SF,5,4.0,,,,GAM,3,2017
467,451.0,SF,5,3.0,,,,APX,3,2017
468,453.0,SF,5,3.0,,,,APP,3,2017
469,462.0,SF,5,3.0,,,,APP,3,2017
470,474.0,DC,5,3.0,,,,APP,2,2017
471,475.0,OA,5,3.0,,,,APP,3,2017
472,478.0,SC,5,3.0,,,,APP,3,2017
473,483.0,SC,5,4.0,,,,APP,3,2017
474,491.0,NY,5,3.0,,,,APP,1,2017
475,493.0,NY,5,3.0,,,,APX,1,2017
476,496.0,NY,5,3.0,,,,APX,1,2017
477,503.0,NY,5,3.0,,,,APX,1,2017
478,505.0,LA,4,4.0,,,,APP,3,2017
479,506.0,NY,3,3.0,,,,APP,1,2017
480,507.0,NY,3,3.0,,,,APP,1,2017
481,508.0,SC,4,3.0,,,,APX,3,2017
482,509.0,OA,3,3.0,,,,APX,3,2017
483,510.0,OA,5,4.0,,,,APP,3,2017
484,511.0,SC,3,3.0,,,,GAM,3,2017
485,512.0,SF,4,3.0,,,,APP,3,2017
486,513.0,OA,4,4.0,,,,APP,3,2017
487,514.0,SF,4,3.0,,,,GAM,3,2017
488,515.0,SF,3,4.0,,,,APP,3,2017
489,516.0,SF,3,3.0,,,,APX,3,2017
490,517.0,SF,4,3.0,,,,GAM,3,2017
491,518.0,SF,5,3.0,,,,GAM,3,2017
492,519.0,SF,5,2.0,,,,GAM,3,2017
493,520.0,SF,5,2.0,,,,GAM,3,2017
494,521.0,OA,5,3.0,,,,APX,3,2017
495,522.0,SF,5,3.0,,,,APP,3,2017
496,523.0,NY,4,3.0,,,,GAM,1,2017
497,524.0,SF,4,4.0,,,,APP,3,2017
498,525.0,SF,4,3.0,,,,APP,3,2017
499,526.0,SF,4,3.0,,,,APP,3,2017
500,527.0,SF,4,4.0,,,,GAM,3,2017
501,528.0,SF,5,3.0,,,,APP,3,2017
502,529.0,OA,4,4.0,,,,APP,3,2017
503,530.0,SF,5,3.0,,,,GAM,3,2017
504,531.0,SF,3,3.0,,,,APX,3,2017
505,533.0,SC,5,3.0,,,,GAM,3,2017
506,534.0,NY,4,3.0,,,,APX,1,2017
507,535.0,NY,5,3.0,,,,GMX,1,2017
508,536.0,,3,4.0,,,,,2,2017
509,537.0,DC,5,4.0,,,,APP,2,2017
510,538.0,,3,3.0,,,,,1,2017
511,539.0,DC,3,3.0,,,,APX,2,2017
512,541.0,SF,4,3.0,,,,VR,3,2017
513,542.0,NY,3,3.0,,,,APP,1,2017
514,543.0,NY,4,3.0,,,,APP,1,2017
515,544.0,SF,5,3.0,,,,VR,3,2017
516,546.0,SC,4,3.0,,,,APP,3,2017
517,547.0,SF,4,3.0,,,,GAM,2,2017
518,548.0,NY,4,3.0,,,,APP,1,2017
519,549.0,SF,4,3.0,,,,APP,3,2017
520,550.0,HK,3,4.0,,,,APX,1,2017
521,551.0,HK,4,3.0,,,,APX,1,2017
522,552.0,HK,3,4.0,,,,APX,1,2017
523,553.0,HK,2,3.0,,,,APX,1,2017
524,554.0,HK,4,2.0,,,,APP,1,2017
525,555.0,HK,3,3.0,,,,APX,1,2017
526,556.0,SC,4,3.0,,,,APP,4,2017
527,557.0,SC,4,3.0,,,,APX,4,2017
528,558.0,SC,4,3.0,,,,APX,4,2017
529,559.0,SC,4,3.0,,,,APP,4,2017
530,560.0,SC,3,3.0,,,,APP,4,2017
531,561.0,SC,2,3.0,,,,APP,4,2017
532,562.0,SC,4,3.0,,,,APP,4,2017
533,563.0,SC,3,4.0,,,,APP,4,2017
534,564.0,SC,3,3.0,,,,APP,4,2017
535,565.0,SC,5,3.0,,,,APP,4,2017
536,566.0,SC,5,3.0,,,,GMX,4,2017
537,567.0,RW,4,3.0,,,,APP,4,2017
538,568.0,RW,5,3.0,,,,APP,4,2017
539,569.0,RW,3,3.0,,,,APP,4,2017
540,570.0,RW,4,3.0,,,,APP,4,2017
541,571.0,RW,5,3.0,,,,APP,4,2017
542,572.0,RW,4,3.0,,,,APP,4,2017
543,573.0,RW,4,3.0,,,,APP,4,2017
544,575.0,DC,4,3.0,,,,APP,3,2017
545,576.0,DC,4,4.0,,,,APX,3,2017
546,577.0,DC,3,4.0,,,,APP,3,2017
547,578.0,DC,4,3.0,,,,APP,3,2017
548,579.0,,5,4.0,,,,,2,2017
549,580.0,NY,5,3.0,,,,APP,2,2017
550,581.0,,2,4.0,,,,,2,2017
551,582.0,NY,3,4.0,,,,APP,2,2017
552,583.0,NY,4,3.0,,,,APP,2,2017
553,584.0,NY,4,3.0,,,,APP,2,2017
554,585.0,NY,2,3.0,,,,APP,2,2017
555,586.0,NY,4,4.0,,,,APP,2,2017
556,587.0,,4,3.0,,,,,2,2017
557,588.0,NY,4,2.0,,,,APP,2,2017
558,589.0,NY,5,3.0,,,,APP,2,2017
559,590.0,NY,4,2.0,,,,APP,2,2017
560,591.0,NY,4,2.0,,,,APP,2,2017
561,592.0,NY,3,3.0,,,,APP,2,2017
562,593.0,NY,4,3.0,,,,APP,2,2017
563,594.0,NY,4,2.0,,,,APP,2,2017
564,595.0,NY,4,3.0,,,,GMX,2,2017
565,596.0,NY,4,3.0,,,,APP,2,2017
566,597.0,NY,4,3.0,,,,GAM,2,2017
567,598.0,NY,4,3.0,,,,GAM,2,2017
568,599.0,NY,5,3.0,,,,GAM,2,2017
569,600.0,,3,4.0,,,,,2,2017
570,601.0,NY,3,3.0,,,,APP,2,2017
571,602.0,NY,4,3.0,,,,APP,2,2017
572,603.0,NY,4,3.0,,,,APP,2,2017
573,604.0,NY,4,3.0,,,,GAM,2,2017
574,605.0,NY,5,3.0,,,,GMX,2,2017
575,606.0,NY,3,3.0,,,,APX,2,2017
576,607.0,NY,5,3.0,,,,APX,2,2017
577,608.0,,0,5.0,,,,,2,2017
578,609.0,NY,4,3.0,,,,GAM,2,2017
579,610.0,NY,5,3.0,,,,GAM,2,2017
580,611.0,NY,4,3.0,,,,APP,2,2017
581,612.0,NY,5,3.0,,,,APX,2,2017
582,613.0,NY,5,3.0,,,,APX,2,2017
583,614.0,NY,5,4.0,,,,APP,2,2017
584,615.0,NY,4,3.0,,,,APP,2,2017
585,616.0,NY,5,3.0,,,,GMX,2,2017
586,617.0,NY,4,3.0,,,,APX,2,2017
587,618.0,NY,3,3.0,,,,GAM,2,2017
588,619.0,NY,4,3.0,,,,GAM,2,2017
589,620.0,NY,3,3.0,,,,GMX,2,2017
590,621.0,NY,1,5.0,,,,APX,2,2017
591,622.0,NY,2,3.0,,,,APP,2,2017
592,623.0,NY,4,3.0,,,,APX,2,2017
593,624.0,AT,4,3.0,,,,APP,4,2017
594,625.0,AT,4,3.0,,,,APP,4,2017
595,626.0,,5,3.0,,,,,4,2017
596,627.0,RW,4,3.0,,,,APP,4,2017
597,628.0,AT,5,4.0,,,,APX,4,2017
598,629.0,AT,4,3.0,,,,APX,4,2017
599,630.0,NY,4,3.0,,,,APP,2,2017
600,631.0,AT,5,3.0,,,,APX,4,2017
601,632.0,RW,4,3.0,,,,APP,4,2017
602,633.0,CH,5,4.0,,,,APP,4,2017
603,634.0,CH,4,3.0,,,,APP,4,2017
604,635.0,CH,4,3.0,,,,APP,4,2017
605,636.0,CH,4,4.0,,,,APP,4,2017
606,637.0,CH,4,4.0,,,,APP,4,2017
607,638.0,CH,4,3.0,,,,APP,4,2017
608,639.0,CH,3,3.0,,,,APX,4,2017
609,640.0,OA,3,4.0,,,,APP,4,2017
610,641.0,LA,5,3.0,,,,GAM,4,2017
611,642.0,LA,4,4.0,,,,APP,4,2017
612,643.0,LA,5,3.0,,,,GAM,4,2017
613,644.0,OA,4,3.0,,,,APP,4,2017
614,645.0,LA,4,3.0,,,,GAM,4,2017
615,646.0,LA,5,3.0,,,,GAM,4,2017
616,647.0,LA,4,2.0,,,,APP,4,2017
617,650.0,SC,4,3.0,,,,APX,4,2017
618,652.0,SC,4,3.0,,,,APP,4,2017
619,653.0,SC,4,3.0,,,,APP,4,2017
620,654.0,SC,4,3.0,,,,APP,4,2017
621,655.0,LA,5,3.0,,,,APP,4,2017
622,656.0,LA,5,3.0,,,,APP,4,2017
623,657.0,LA,4,3.0,,,,APP,4,2017
624,658.0,SF,5,3.0,,,,APP,4,2017
625,659.0,SF,4,3.0,,,,APP,4,2017
626,660.0,SF,4,4.0,,,,APX,4,2017
627,661.0,SF,4,3.0,,,,GAM,4,2017
628,662.0,SF,4,3.0,,,,GAM,4,2017
629,663.0,SF,5,3.0,,,,GAM,4,2017
630,664.0,SF,3,3.0,,,,APP,4,2017
631,665.0,SF,4,3.0,,,,GAM,4,2017
632,666.0,SF,4,3.0,,,,APP,4,2017
633,667.0,SF,4,2.0,,,,GAM,4,2017
634,668.0,SF,4,4.0,,,,APP,4,2017
635,669.0,SF,4,3.0,,,,APP,4,2017
636,670.0,SF,3,4.0,,,,APP,4,2017
637,671.0,SF,4,3.0,,,,APP,4,2017
638,672.0,SC,4,3.0,,,,GAM,4,2017
639,673.0,SF,4,3.0,,,,GAM,4,2017
640,674.0,SF,3,3.0,,,,APX,4,2017
641,675.0,SF,5,3.0,,,,VR,4,2017
642,676.0,SF,4,5.0,,,,APX,4,2017
643,677.0,SF,4,3.0,,,,VR,4,2017
644,678.0,SC,4,3.0,,,,APP,4,2017
645,679.0,SF,3,4.0,,,,VR,4,2017
646,680.0,SF,4,3.0,,,,APP,4,2017
647,681.0,SF,3,3.0,,,,APX,4,2017
648,682.0,SF,1,3.0,,,,APP,4,2017
649,683.0,SF,5,4.0,,,,VR,4,2017
650,684.0,SF,2,3.0,,,,VR,4,2017
651,685.0,SC,4,4.0,,,,GMX,4,2017
652,686.0,SF,4,3.0,,,,APX,4,2017
653,687.0,SF,4,3.0,,,,VR,4,2017
654,688.0,SF,4,3.0,,,,VR,4,2017
655,689.0,SF,3,3.0,,,,APP,4,2017
656,690.0,SC,4,3.0,,,,GAM,4,2017
657,691.0,SC,5,3.0,,,,APP,4,2017
658,692.0,SC,3,3.0,,,,GAM,4,2017
659,693.0,SF,4,2.0,,,,APX,4,2017
660,694.0,SF,4,4.0,,,,GAM,4,2017
661,695.0,SF,5,3.0,,,,APX,4,2017
662,696.0,SF,3,4.0,,,,APP,4,2017
663,697.0,LA,5,3.0,,,,APP,4,2017
664,698.0,SF,4,5.0,,,,APX,4,2017
665,699.0,SC,4,3.0,,,,GAM,4,2017
666,700.0,SF,5,3.0,,,,GAM,4,2017
667,701.0,SF,3,3.0,,,,APX,4,2017
668,702.0,SC,3,2.0,,,,GAM,4,2017
669,703.0,SF,4,3.0,,,,GAM,4,2017
670,704.0,SF,4,3.0,,,,VR,4,2017
671,705.0,SF,4,4.0,,,,APP,4,2017
672,706.0,SC,4,3.0,,,,GAM,4,2017
673,707.0,SF,2,3.0,,,,APP,4,2017
674,708.0,SF,5,3.0,,,,VR,4,2017
675,709.0,SF,3,4.0,,,,VR,4,2017
676,710.0,SF,4,3.0,,,,APP,4,2017
677,711.0,LA,4,3.0,,,,APP,4,2017
678,712.0,SF,1,3.0,,,,APX,4,2017
679,713.0,SF,4,3.0,,,,APP,4,2017
680,714.0,CH,4,4.0,,,,APX,4,2017
681,715.0,OA,3,4.0,,,,APX,4,2017
682,716.0,SF,2,3.0,,,,APX,4,2017
683,717.0,LA,4,4.0,,,,APP,4,2017
684,718.0,LA,4,3.0,,,,APP,4,2017
685,719.0,DC,5,3.0,,,,APP,3,2017
686,720.0,SF,5,3.0,,,,APP,4,2017
687,721.0,SC,4,3.0,,,,APP,4,2017
688,722.0,NY,4,4.0,,,,APP,2,2017
689,723.0,SF,5,3.0,,,,GAM,4,2017
690,724.0,SF,4,3.0,,,,APX,4,2017
691,725.0,OA,4,2.0,,,,APP,4,2017
692,726.0,SF,5,3.0,,,,APP,4,2017
693,727.0,SF,5,3.0,,,,APX,4,2017
694,728.0,OA,3,2.0,,,,APP,4,2017
695,729.0,CH,5,3.0,,,,APP,4,2017
696,730.0,OA,4,3.0,,,,APP,4,2017
697,732.0,NY,4,3.0,,,,APP,2,2017
698,733.0,NY,4,4.0,,,,APP,2,2017
699,734.0,NY,3,3.0,,,,APP,2,2017
700,735.0,NY,5,3.0,,,,APP,2,2017
701,736.0,NY,4,3.0,,,,APP,2,2017
702,737.0,NY,5,3.0,,,,APX,2,2017
703,738.0,NY,3,3.0,,,,APP,2,2017
704,739.0,,3,4.0,,,,,2,2017
705,742.0,SC,4,3.0,,,,APP,4,2017
706,743.0,SC,4,3.0,,,,APP,4,2017
707,744.0,SC,3,3.0,,,,APP,4,2017
708,745.0,SC,4,3.0,,,,GAM,4,2017
709,746.0,SC,5,3.0,,,,GAM,4,2017
710,747.0,RW,3,3.0,,,,APP,4,2017
711,748.0,OA,4,4.0,,,,APP,4,2017
712,749.0,SC,3,3.0,,,,GMX,4,2017
713,750.0,SF,5,3.0,,,,GAM,4,2017
714,751.0,SF,4,3.0,,,,GAM,4,2017
715,753.0,SF,3,4.0,,,,APP,4,2017
716,754.0,NY,4,3.0,,,,APP,2,2017
717,755.0,NY,5,4.0,,,,APP,3,2017
718,756.0,NY,4,3.0,,,,APP,2,2017
719,757.0,NY,4,3.0,,,,APP,2,2017
720,758.0,NY,4,2.0,,,,GAM,2,2017
721,759.0,SF,2,4.0,,,,APP,4,2017
722,760.0,OA,5,3.0,,,,APX,4,2017
723,761.0,SF,4,3.0,,,,APP,4,2017
724,762.0,NY,5,3.0,,,,APP,2,2017
725,763.0,SF,4,3.0,,,,APP,4,2017
726,764.0,SF,4,3.0,,,,APP,4,2017
727,765.0,HK,3,2.0,,,,APX,2,2017
728,766.0,,4,4.0,,,,,1,2017
729,767.0,HK,4,4.0,,,,APX,2,2017
730,768.0,BJ,5,3.0,,,,APP,1,2017
731,769.0,BJ,4,2.0,,,,APP,1,2017
732,770.0,BJ,4,3.0,,,,APP,1,2017
733,771.0,BJ,5,3.0,,,,APX,1,2017
734,772.0,BJ,4,4.0,,,,APP,1,2017
735,773.0,HK,4,4.0,,,,APX,2,2017
736,774.0,BJ,4,3.0,,,,APP,1,2017
737,775.0,BJ,4,3.0,,,,APP,1,2017
738,776.0,BJ,4,2.0,,,,APP,1,2017
739,777.0,BJ,4,4.0,,,,APP,1,2017
740,778.0,BJ,4,5.0,,,,APP,1,2017
741,779.0,BJ,5,4.0,,,,APP,1,2017
742,780.0,BJ,3,3.0,,,,APP,1,2017
743,781.0,BJ,5,3.0,,,,APP,1,2017
744,782.0,BJ,5,3.0,,,,APP,1,2017
745,783.0,BJ,3,3.0,,,,APP,1,2017
746,784.0,BJ,5,4.0,,,,APP,1,2017
747,785.0,BJ,4,4.0,,,,APP,1,2017
748,786.0,BJ,4,3.0,,,,APP,1,2017
749,787.0,BJ,4,3.0,,,,APP,1,2017
750,788.0,BJ,5,5.0,,,,APP,1,2017
751,789.0,BJ,4,3.0,,,,APP,1,2017
752,790.0,HK,3,4.0,,,,APX,2,2017
753,791.0,BJ,4,3.0,,,,APP,1,2017
754,792.0,BJ,4,3.0,,,,APP,1,2017
755,793.0,BJ,4,3.0,,,,APP,1,2017
756,794.0,BJ,5,2.0,,,,APP,1,2017
757,795.0,BJ,5,4.0,,,,APP,1,2017
758,796.0,BJ,5,3.0,,,,APP,1,2017
759,797.0,BJ,4,4.0,,,,APP,1,2017
760,798.0,BJ,3,3.0,,,,APP,1,2017
761,799.0,BJ,5,3.0,,,,APP,1,2017
762,800.0,BJ,4,4.0,,,,APP,1,2017
763,801.0,BJ,4,4.0,,,,APP,1,2017
764,802.0,BJ,4,3.0,,,,APP,1,2017
765,803.0,BJ,5,3.0,,,,APP,1,2017
766,804.0,BJ,3,4.0,,,,APP,1,2017
767,805.0,BJ,4,2.0,,,,APP,1,2017
768,806.0,BJ,3,2.0,,,,APP,1,2017
769,807.0,HK,4,4.0,,,,APX,2,2017
770,808.0,BJ,5,4.0,,,,APP,2,2017
771,809.0,RW,3,3.0,,,,APP,5,2017
772,810.0,SF,5,3.0,,,,VR,5,2017
773,811.0,SF,5,3.0,,,,VR,5,2017
774,812.0,RW,5,3.0,,,,APP,5,2017
775,813.0,RW,5,3.0,,,,APP,5,2017
776,814.0,RW,3,3.0,,,,APP,5,2017
777,815.0,RW,4,3.0,,,,APP,5,2017
778,816.0,RW,4,3.0,,,,APP,5,2017
779,817.0,RW,5,3.0,,,,APP,5,2017
780,818.0,OA,5,3.0,,,,APP,5,2017
781,819.0,DC,4,4.0,,,,APX,4,2017
782,820.0,DC,4,3.0,,,,APX,4,2017
783,821.0,AT,4,3.0,,,,APP,5,2017
784,822.0,RW,4,3.0,,,,APP,5,2017
785,823.0,NY,5,3.0,,,,APP,3,2017
786,824.0,NY,4,3.0,,,,GAM,3,2017
787,825.0,NY,5,3.0,,,,APX,3,2017
788,826.0,NY,4,3.0,,,,GAM,3,2017
789,827.0,NY,4,3.0,,,,APP,3,2017
790,828.0,NY,4,3.0,,,,GMX,3,2017
791,829.0,NY,5,3.0,,,,APP,3,2017
792,830.0,NY,4,3.0,,,,APP,3,2017
793,831.0,AT,4,3.0,,,,APX,5,2017
794,832.0,NY,4,3.0,,,,APP,3,2017
795,833.0,NY,1,5.0,,,,APX,3,2017
796,834.0,NY,4,3.0,,,,APP,3,2017
797,835.0,NY,4,3.0,,,,GAM,3,2017
798,836.0,NY,4,3.0,,,,APX,3,2017
799,837.0,NY,4,3.0,,,,APX,3,2017
800,838.0,NY,4,2.0,,,,APP,3,2017
801,839.0,NY,4,3.0,,,,APP,3,2017
802,840.0,NY,4,3.0,,,,GAM,3,2017
803,841.0,NY,4,3.0,,,,APP,3,2017
804,842.0,NY,4,3.0,,,,APP,3,2017
805,843.0,NY,4,3.0,,,,APP,3,2017
806,844.0,NY,4,4.0,,,,APP,3,2017
807,845.0,NY,1,4.0,,,,APP,3,2017
808,846.0,,3,4.0,,,,,3,2017
809,847.0,NY,4,4.0,,,,APP,3,2017
810,848.0,,5,3.0,,,,,3,2017
811,849.0,RW,4,3.0,,,,APP,5,2017
812,850.0,NY,5,3.0,,,,APX,3,2017
813,851.0,NY,4,3.0,,,,GAM,3,2017
814,852.0,NY,5,3.0,,,,APX,3,2017
815,853.0,NY,3,2.0,,,,APP,3,2017
816,854.0,NY,3,3.0,,,,GAM,3,2017
817,855.0,NY,4,3.0,,,,GMX,3,2017
818,856.0,NY,4,3.0,,,,APP,3,2017
819,857.0,NY,4,3.0,,,,APP,3,2017
820,858.0,NY,4,4.0,,,,APP,3,2017
821,859.0,AT,5,3.0,,,,APP,5,2017
822,860.0,NY,3,3.0,,,,APP,3,2017
823,861.0,NY,5,3.0,,,,APP,3,2017
824,862.0,NY,5,3.0,,,,APP,3,2017
825,863.0,NY,3,3.0,,,,APP,3,2017
826,864.0,NY,4,3.0,,,,GAM,3,2017
827,865.0,NY,5,3.0,,,,GMX,3,2017
828,866.0,NY,3,3.0,,,,GMX,3,2017
829,867.0,AT,4,3.0,,,,APP,5,2017
830,868.0,SF,5,3.0,,,,VR,5,2017
831,869.0,SF,4,3.0,,,,APX,5,2017
832,870.0,DC,4,3.0,,,,APP,4,2017
833,871.0,CH,4,4.0,,,,APP,5,2017
834,872.0,CH,5,3.0,,,,APP,5,2017
835,873.0,CH,4,4.0,,,,APP,5,2017
836,874.0,CH,5,4.0,,,,APP,5,2017
837,875.0,CH,3,3.0,,,,APP,5,2017
838,876.0,CH,3,4.0,,,,APX,5,2017
839,877.0,CH,4,3.0,,,,APP,5,2017
840,878.0,CH,4,3.0,,,,APP,5,2017
841,879.0,CH,4,4.0,,,,APP,5,2017
842,880.0,CH,4,3.0,,,,APX,5,2017
843,881.0,OA,4,3.0,,,,APP,5,2017
844,882.0,OA,5,3.0,,,,APX,5,2017
845,883.0,SF,5,3.0,,,,VR,5,2017
846,884.0,SF,4,3.0,,,,VR,5,2017
847,885.0,SF,5,3.0,,,,VR,5,2017
848,886.0,LA,5,3.0,,,,APP,5,2017
849,887.0,LA,3,2.0,,,,GAM,5,2017
850,888.0,SC,5,4.0,,,,APX,5,2017
851,889.0,SC,5,3.0,,,,APP,5,2017
852,890.0,LA,5,3.0,,,,GAM,5,2017
853,891.0,LA,5,3.0,,,,APP,5,2017
854,892.0,LA,3,2.0,,,,APP,5,2017
855,893.0,LA,4,3.0,,,,GAM,5,2017
856,894.0,LA,4,2.0,,,,APP,5,2017
857,895.0,LA,4,3.0,,,,APP,5,2017
858,896.0,SC,4,3.0,,,,APP,5,2017
859,897.0,SF,4,3.0,,,,GAM,5,2017
860,898.0,SF,4,3.0,,,,GAM,4,2017
861,899.0,SF,4,3.0,,,,APX,5,2017
862,900.0,SF,4,4.0,,,,APP,5,2017
863,901.0,SF,5,3.0,,,,APP,5,2017
864,902.0,SF,4,3.0,,,,GAM,5,2017
865,903.0,SF,5,4.0,,,,GAM,5,2017
866,904.0,SF,4,3.0,,,,APP,5,2017
867,905.0,SF,3,3.0,,,,APX,5,2017
868,906.0,SF,4,3.0,,,,APX,5,2017
869,907.0,SF,5,3.0,,,,APP,5,2017
870,908.0,SF,4,4.0,,,,GAM,5,2017
871,909.0,SF,5,4.0,,,,GAM,5,2017
872,910.0,SF,4,3.0,,,,APX,5,2017
873,911.0,SF,4,3.0,,,,APP,5,2017
874,912.0,SF,4,3.0,,,,APP,5,2017
875,913.0,SF,4,3.0,,,,GAM,5,2017
876,914.0,SF,4,3.0,,,,APP,5,2017
877,915.0,SF,4,3.0,,,,GAM,5,2017
878,916.0,SF,3,3.0,,,,APP,5,2017
879,917.0,SF,4,4.0,,,,APX,5,2017
880,918.0,SF,4,3.0,,,,APP,5,2017
881,919.0,,4,4.0,,,,,5,2017
882,920.0,SF,4,3.0,,,,APP,5,2017
883,921.0,OA,3,3.0,,,,APP,5,2017
884,922.0,SC,4,3.0,,,,GAM,5,2017
885,923.0,SF,5,3.0,,,,APP,5,2017
886,924.0,SF,5,3.0,,,,GAM,5,2017
887,925.0,SF,5,3.0,,,,APX,5,2017
888,926.0,SC,3,3.0,,,,APP,5,2017
889,927.0,SF,3,3.0,,,,APP,5,2017
890,928.0,SF,3,3.0,,,,APP,5,2017
891,929.0,SC,2,3.0,,,,GAM,5,2017
892,930.0,LA,4,3.0,,,,GAM,5,2017
893,931.0,LA,4,3.0,,,,APP,5,2017
894,932.0,SF,5,3.0,,,,VR,5,2017
895,933.0,OA,4,3.0,,,,APP,5,2017
896,934.0,SF,4,2.0,,,,GAM,5,2017
897,935.0,SF,5,3.0,,,,APX,5,2017
898,936.0,SC,4,3.0,,,,GMX,5,2017
899,937.0,OA,3,4.0,,,,APP,5,2017
900,938.0,SC,3,3.0,,,,APP,5,2017
901,939.0,SC,4,4.0,,,,GMX,5,2017
902,940.0,SC,2,3.0,,,,APX,5,2017
903,941.0,SC,4,3.0,,,,APP,5,2017
904,942.0,SC,4,3.0,,,,APX,5,2017
905,943.0,SF,3,3.0,,,,APP,5,2017
906,944.0,SC,4,4.0,,,,APP,5,2017
907,945.0,SC,4,4.0,,,,GAM,5,2017
908,946.0,SC,4,4.0,,,,GAM,5,2017
909,947.0,SC,5,3.0,,,,GAM,5,2017
910,948.0,SF,4,3.0,,,,APX,5,2017
911,949.0,SC,3,4.0,,,,GAM,5,2017
912,950.0,LA,5,3.0,,,,APP,5,2017
913,951.0,OA,5,3.0,,,,APP,5,2017
914,952.0,SC,4,4.0,,,,APP,5,2017
915,953.0,SC,4,3.0,,,,GAM,5,2017
916,954.0,SF,3,4.0,,,,APP,5,2017
917,955.0,SC,4,3.0,,,,APP,5,2017
918,956.0,OA,4,3.0,,,,APP,5,2017
919,957.0,SF,4,3.0,,,,APP,5,2017
920,958.0,SF,5,3.0,,,,APX,5,2017
921,959.0,SF,5,3.0,,,,GAM,5,2017
922,960.0,NY,5,3.0,,,,APP,3,2017
923,961.0,SC,4,3.0,,,,GAM,5,2017
924,962.0,SF,5,3.0,,,,APP,5,2017
925,963.0,DC,5,3.0,,,,APP,4,2017
926,964.0,OA,3,3.0,,,,APX,5,2017
927,965.0,SF,4,3.0,,,,APX,5,2017
928,966.0,SF,4,4.0,,,,APP,5,2017
929,967.0,AT,5,4.0,,,,APX,4,2017
930,968.0,RW,4,4.0,,,,APP,5,2017
931,969.0,SC,5,4.0,,,,APP,5,2017
932,970.0,SC,3,4.0,,,,APP,5,2017
933,971.0,LA,5,3.0,,,,APP,5,2017
934,973.0,NY,3,3.0,,,,APX,3,2017
935,974.0,,5,3.0,,,,,3,2017
936,975.0,NY,3,3.0,,,,APP,3,2017
937,976.0,NY,4,3.0,,,,APP,3,2017
938,977.0,NY,4,3.0,,,,GAM,3,2017
939,978.0,NY,4,3.0,,,,APP,3,2017
940,979.0,,3,3.0,,,,,3,2017
941,980.0,NY,4,3.0,,,,APP,3,2017
942,981.0,AT,5,3.0,,,,APX,5,2017
943,982.0,DC,3,4.0,,,,APP,3,2017
944,983.0,SC,4,3.0,,,,APP,5,2017
945,984.0,SC,4,3.0,,,,APP,5,2017
946,985.0,SC,4,3.0,,,,APP,5,2017
947,990.0,SC,4,3.0,,,,APP,5,2017
948,991.0,SC,4,4.0,,,,APP,5,2017
949,992.0,SF,3,3.0,,,,APP,5,2017
950,993.0,NY,4,3.0,,,,APX,3,2017
951,994.0,CH,5,3.0,,,,APX,5,2017
952,995.0,NY,2,2.0,,,,APP,3,2017
953,996.0,SF,5,3.0,,,,APX,5,2017
954,997.0,DC,5,3.0,,,,APX,4,2017
955,998.0,TY,2,5.0,,,,APP,1,2017
956,999.0,BJ,4,3.0,,,,APP,2,2017
957,1000.0,BJ,5,3.0,,,,APP,2,2017
958,1001.0,BJ,4,4.0,,,,APP,2,2017
959,1002.0,,4,3.0,,,,,2,2017
960,1003.0,BJ,4,4.0,,,,APP,2,2017
961,1004.0,BJ,4,4.0,,,,APP,2,2017
962,1005.0,BJ,4,3.0,,,,APP,2,2017
963,1006.0,BJ,3,3.0,,,,APP,2,2017
964,1007.0,BJ,4,3.0,,,,APP,2,2017
965,1008.0,BJ,4,2.0,,,,APP,2,2017
966,1009.0,BJ,5,4.0,,,,APP,2,2017
967,1010.0,BJ,4,4.0,,,,APP,2,2017
968,1011.0,BJ,4,3.0,,,,APP,2,2017
969,1012.0,BJ,5,3.0,,,,APP,2,2017
970,1013.0,BJ,4,3.0,,,,APP,2,2017
971,1014.0,BJ,5,3.0,,,,APX,2,2017
972,1015.0,BJ,4,3.0,,,,APP,2,2017
973,1016.0,BJ,4,4.0,,,,APP,2,2017
974,1017.0,BJ,4,3.0,,,,APP,2,2017
975,1018.0,BJ,4,4.0,,,,APP,2,2017
976,1019.0,BJ,4,3.0,,,,APP,2,2017
977,1020.0,BJ,4,3.0,,,,APP,2,2017
978,1021.0,BJ,4,4.0,,,,APP,2,2017
979,1022.0,BJ,5,3.0,,,,APP,2,2017
980,1023.0,BJ,4,3.0,,,,APP,2,2017
981,1024.0,BJ,5,3.0,,,,APP,2,2017
982,1025.0,BJ,4,3.0,,,,APP,2,2017
983,1026.0,BJ,4,4.0,,,,APP,2,2017
984,1027.0,BJ,5,2.0,,,,APP,2,2017
985,1028.0,BJ,5,4.0,,,,APP,2,2017
986,1029.0,BJ,4,4.0,,,,APP,2,2017
987,1030.0,BJ,4,3.0,,,,APP,2,2017
988,1031.0,BJ,5,3.0,,,,APP,2,2017
989,1032.0,BJ,4,3.0,,,,APP,2,2017
990,1033.0,TY,4,3.0,,,,APP,1,2017
991,1034.0,TY,2,4.0,,,,APP,1,2017
992,1035.0,TY,4,4.0,,,,APP,1,2017
993,1036.0,TY,4,3.0,,,,APP,1,2017
994,1037.0,TY,2,4.0,,,,APP,1,2017
995,1038.0,RW,3,3.0,,,,APP,6,2017
996,1039.0,SF,4,3.0,,,,VR,6,2017
997,1040.0,SF,5,3.0,,,,VR,6,2017
998,1041.0,DC,3,3.0,,,,APP,5,2017
999,1042.0,DC,5,3.0,,,,APP,5,2017
1000,1043.0,DC,4,4.0,,,,APX,5,2017
1001,1044.0,SF,5,3.0,,,,VR,6,2017
1002,1045.0,RW,3,3.0,,,,APP,6,2017
1003,1046.0,RW,5,3.0,,,,APP,6,2017
1004,1047.0,RW,3,3.0,,,,APP,6,2017
1005,1048.0,RW,4,3.0,,,,APP,6,2017
1006,1049.0,RW,4,4.0,,,,APP,6,2017
1007,1050.0,RW,4,3.0,,,,APP,6,2017
1008,1051.0,DC,4,2.0,,,,APP,5,2017
1009,1052.0,NY,5,3.0,,,,GAM,4,2017
1010,1053.0,NY,5,2.0,,,,APP,4,2017
1011,1054.0,NY,5,3.0,,,,GAM,4,2017
1012,1055.0,NY,4,2.0,,,,GAM,4,2017
1013,1056.0,NY,2,4.0,,,,APP,4,2017
1014,1057.0,NY,4,3.0,,,,APP,4,2017
1015,1058.0,NY,3,3.0,,,,APP,4,2017
1016,1059.0,NY,4,3.0,,,,APP,4,2017
1017,1060.0,NY,4,3.0,,,,APP,4,2017
1018,1061.0,NY,4,3.0,,,,APP,4,2017
1019,1062.0,NY,3,3.0,,,,GAM,4,2017
1020,1063.0,NY,4,3.0,,,,APP,4,2017
1021,1064.0,NY,3,3.0,,,,APP,4,2017
1022,1065.0,NY,4,3.0,,,,GAM,4,2017
1023,1066.0,NY,4,3.0,,,,APP,4,2017
1024,1067.0,NY,4,3.0,,,,APX,4,2017
1025,1068.0,NY,4,3.0,,,,APP,4,2017
1026,1069.0,NY,5,3.0,,,,APP,4,2017
1027,1070.0,NY,3,5.0,,,,APX,4,2017
1028,1071.0,NY,4,4.0,,,,APP,4,2017
1029,1072.0,NY,4,3.0,,,,APP,4,2017
1030,1073.0,NY,5,3.0,,,,GAM,4,2017
1031,1074.0,NY,4,3.0,,,,APP,4,2017
1032,1075.0,NY,4,3.0,,,,APP,4,2017
1033,1076.0,NY,4,3.0,,,,GMX,4,2017
1034,1077.0,NY,4,3.0,,,,APP,4,2017
1035,1078.0,NY,5,3.0,,,,GMX,4,2017
1036,1079.0,NY,5,3.0,,,,GMX,4,2017
1037,1080.0,NY,3,3.0,,,,APP,4,2017
1038,1081.0,SC,5,4.0,,,,APP,6,2017
1039,1082.0,SC,4,3.0,,,,APP,6,2017
1040,1083.0,CH,4,3.0,,,,APP,6,2017
1041,1084.0,CH,4,4.0,,,,APP,6,2017
1042,1085.0,CH,3,5.0,,,,APP,6,2017
1043,1086.0,CH,5,3.0,,,,APP,6,2017
1044,1087.0,CH,3,4.0,,,,APX,6,2017
1045,1088.0,CH,3,3.0,,,,APX,6,2017
1046,1089.0,NY,4,3.0,,,,GMX,4,2017
1047,1090.0,LA,4,3.0,,,,APP,6,2017
1048,1091.0,LA,4,3.0,,,,APP,6,2017
1049,1092.0,SF,4,3.0,,,,GAM,6,2017
1050,1093.0,SF,4,3.0,,,,GAM,6,2017
1051,1094.0,LA,5,3.0,,,,APP,6,2017
1052,1095.0,SF,5,3.0,,,,GAM,6,2017
1053,1096.0,SF,5,4.0,,,,APP,6,2017
1054,1097.0,LA,3,3.0,,,,APP,6,2017
1055,1098.0,LA,5,3.0,,,,APP,6,2017
1056,1099.0,SF,3,3.0,,,,APP,6,2017
1057,1100.0,SF,4,3.0,,,,APX,6,2017
1058,1101.0,SF,5,3.0,,,,APP,6,2017
1059,1102.0,LA,5,3.0,,,,APP,6,2017
1060,1103.0,LA,4,3.0,,,,GAM,6,2017
1061,1104.0,LA,4,3.0,,,,APP,6,2017
1062,1105.0,SF,4,3.0,,,,APP,6,2017
1063,1106.0,SF,4,3.0,,,,APX,6,2017
1064,1107.0,SF,5,3.0,,,,APP,6,2017
1065,1108.0,SF,5,3.0,,,,APP,6,2017
1066,1109.0,SF,4,3.0,,,,APX,6,2017
1067,1110.0,SF,4,3.0,,,,APP,6,2017
1068,1111.0,SF,5,3.0,,,,VR,6,2017
1069,1112.0,SF,4,3.0,,,,APP,6,2017
1070,1113.0,SF,4,2.0,,,,APP,6,2017
1071,1114.0,SC,4,3.0,,,,APP,6,2017
1072,1115.0,SC,4,3.0,,,,GAM,6,2017
1073,1116.0,SC,3,4.0,,,,GAM,6,2017
1074,1117.0,SC,4,3.0,,,,APP,6,2017
1075,1118.0,SC,4,3.0,,,,APP,6,2017
1076,1119.0,SC,4,3.0,,,,APX,6,2017
1077,1120.0,SC,4,3.0,,,,GAM,6,2017
1078,1121.0,SC,2,3.0,,,,APX,6,2017
1079,1122.0,LA,4,3.0,,,,GAM,6,2017
1080,1123.0,SF,5,3.0,,,,APP,6,2017
1081,1124.0,LA,4,3.0,,,,GAM,6,2017
1082,1125.0,SC,4,4.0,,,,APP,6,2017
1083,1126.0,SC,5,3.0,,,,APP,6,2017
1084,1127.0,SC,5,3.0,,,,GAM,6,2017
1085,1128.0,SC,5,3.0,,,,GAM,6,2017
1086,1129.0,SC,4,4.0,,,,APP,6,2017
1087,1130.0,SF,4,3.0,,,,APX,6,2017
1088,1131.0,SC,4,3.0,,,,GAM,6,2017
1089,1132.0,SF,5,3.0,,,,VR,6,2017
1090,1133.0,LA,3,3.0,,,,APP,6,2017
1091,1134.0,SF,4,3.0,,,,APP,6,2017
1092,1135.0,CH,4,3.0,,,,APP,6,2017
1093,1136.0,NY,5,3.0,,,,APP,4,2017
1094,1137.0,SF,4,3.0,,,,APX,6,2017
1095,1138.0,SF,3,3.0,,,,APP,6,2017
1096,1139.0,SF,4,3.0,,,,APP,6,2017
1097,1140.0,OA,4,3.0,,,,APP,6,2017
1098,1141.0,SF,4,3.0,,,,GAM,6,2017
1099,1142.0,TY,5,3.0,,,,APP,1,2017
1100,1143.0,SC,4,3.0,,,,APP,6,2017
1101,1144.0,SC,3,4.0,,,,APP,6,2017
1102,1145.0,,4,3.0,,,,,1,2017
1103,1146.0,TY,4,3.0,,,,APP,1,2017
1104,1147.0,,4,3.0,,,,,1,2017
1105,1148.0,TY,4,2.0,,,,APP,1,2017
1106,1149.0,,4,3.0,,,,,1,2017
1107,1150.0,TY,5,4.0,,,,APP,1,2017
1108,1151.0,,4,4.0,,,,,1,2017
1109,1152.0,SF,4,3.0,,,,APP,6,2017
1110,1153.0,NY,2,3.0,,,,APP,4,2017
1111,1154.0,TY,4,3.0,,,,APP,1,2017
1112,1155.0,,5,3.0,,,,,1,2017
1113,1156.0,TY,4,3.0,,,,APP,1,2017
1114,1157.0,TY,2,2.0,,,,APP,1,2017
1115,1158.0,TY,3,3.0,,,,APP,1,2017
1116,1159.0,TY,3,4.0,,,,APP,1,2017
1117,1160.0,SF,1,4.0,,,,APP,6,2017
1118,1162.0,TY,5,3.0,,,,APP,1,2017
1119,1163.0,TY,5,3.0,,,,APP,1,2017
1120,1164.0,,4,3.0,,,,,1,2017
1121,1165.0,,5,3.0,,,,,2,2017
1122,1166.0,TY,4,4.0,,,,APP,1,2017
1123,1167.0,LA,4,3.0,,,,APP,6,2017
1124,1168.0,TY,4,3.0,,,,APP,1,2017
1125,1170.0,TY,4,4.0,,,,APP,1,2017
1126,1171.0,TY,5,3.0,,,,APP,1,2017
1127,1172.0,TY,5,3.0,,,,APP,1,2017
1128,1173.0,TY,3,4.0,,,,APP,1,2017
1129,1174.0,TY,5,3.0,,,,APP,1,2017
1130,1175.0,TY,5,3.0,,,,APP,1,2017
1131,1176.0,TY,4,3.0,,,,APP,1,2017
1132,1177.0,NY,2,4.0,,,,APX,4,2017
1133,1178.0,NY,5,3.0,,,,APP,4,2017
1134,1179.0,NY,4,3.0,,,,APP,4,2017
1135,1180.0,NY,4,3.0,,,,APX,4,2017
1136,1181.0,NY,2,3.0,,,,APP,4,2017
1137,1182.0,NY,4,3.0,,,,APX,4,2017
1138,1183.0,NY,4,3.0,,,,GAM,4,2017
1139,1184.0,NY,4,4.0,,,,APX,4,2017
1140,1185.0,,3,3.0,,,,,4,2017
1141,1186.0,,5,3.0,,,,,4,2017
1142,1187.0,NY,5,3.0,,,,APX,4,2017
1143,1188.0,NY,4,3.0,,,,APP,4,2017
1144,1189.0,NY,3,4.0,,,,APP,4,2017
1145,1190.0,CH,4,4.0,,,,APX,6,2017
1146,1191.0,NY,4,3.0,,,,APP,4,2017
1147,1192.0,NY,5,3.0,,,,APP,4,2017
1148,1193.0,CH,5,4.0,,,,APP,6,2017
1149,1194.0,CH,4,3.0,,,,APP,6,2017
1150,1195.0,SC,5,3.0,,,,APP,6,2017
1151,1196.0,SC,4,3.0,,,,GMX,6,2017
1152,1197.0,SC,5,3.0,,,,APX,6,2017
1153,1198.0,OA,5,3.0,,,,APX,6,2017
1154,1199.0,OA,4,3.0,,,,APP,6,2017
1155,1200.0,SC,5,4.0,,,,GMX,6,2017
1156,1201.0,OA,4,3.0,,,,APP,6,2017
1157,1202.0,,3,1.0,,,,,4,2017
1158,1203.0,SF,1,3.0,,,,APP,6,2017
1159,1204.0,SC,4,3.0,,,,APP,6,2017
1160,1206.0,SC,4,3.0,,,,APP,6,2017
1161,1207.0,SC,5,3.0,,,,APP,6,2017
1162,1208.0,TY,5,4.0,,,,APP,1,2017
1163,1209.0,NY,3,3.0,,,,APP,4,2017
1164,1210.0,NY,4,3.0,,,,GAM,4,2017
1165,1211.0,SC,4,3.0,,,,APP,6,2017
1166,1212.0,SC,4,3.0,,,,APX,6,2017
1167,1213.0,SF,4,3.0,,,,APX,6,2017
1168,1214.0,TY,5,3.0,,,,APP,2,2017
1169,1215.0,TY,3,4.0,,,,APP,2,2017
1170,1216.0,TY,4,4.0,,,,APP,2,2017
1171,1217.0,TY,3,3.0,,,,APP,2,2017
1172,1218.0,TY,4,3.0,,,,APP,2,2017
1173,1219.0,TY,5,3.0,,,,APP,2,2017
1174,1220.0,TY,3,3.0,,,,APP,2,2017
1175,1221.0,TY,5,3.0,,,,APP,2,2017
1176,1222.0,TY,4,4.0,,,,APP,2,2017
1177,1223.0,TY,1,4.0,,,,APP,2,2017
1178,1224.0,,3,4.0,,,,,2,2017
1179,1225.0,TY,3,4.0,,,,APP,2,2017
1180,1226.0,TY,4,3.0,,,,APP,2,2017
1181,1227.0,TY,5,3.0,,,,APP,2,2017
1182,1228.0,TY,5,3.0,,,,APP,2,2017
1183,1229.0,TY,5,2.0,,,,APP,2,2017
1184,1230.0,TY,4,4.0,,,,APP,2,2017
1185,1231.0,TY,3,4.0,,,,APP,2,2017
1186,1232.0,TY,5,3.0,,,,APP,2,2017
1187,1233.0,,5,5.0,,,,,2,2017
1188,1234.0,TY,3,3.0,,,,APP,2,2017
1189,1235.0,,5,3.0,,,,,3,2017
1190,1236.0,TY,4,4.0,,,,APP,2,2017
1191,1237.0,TY,3,3.0,,,,APP,2,2017
1192,1238.0,TY,4,4.0,,,,APP,2,2017
1193,1239.0,TY,5,4.0,,,,APP,2,2017
1194,1240.0,TY,3,5.0,,,,APP,2,2017
1195,1241.0,TY,2,3.0,,,,APP,2,2017
1196,1242.0,TY,5,3.0,,,,APP,2,2017
1197,1243.0,SF,3,4.0,,,,VR,7,2017
1198,1244.0,SF,5,3.0,,,,VR,7,2017
1199,1245.0,SF,5,4.0,,,,VR,7,2017
1200,1246.0,SF,4,3.0,,,,VR,7,2017
1201,1247.0,SF,5,3.0,,,,VR,7,2017
1202,1248.0,SF,5,3.0,,,,VR,7,2017
1203,1249.0,SF,4,3.0,,,,VR,7,2017
1204,1250.0,DC,4,4.0,,,,APX,6,2017
1205,1251.0,DC,4,3.0,,,,APP,6,2017
1206,1252.0,DC,4,2.0,,,,APP,6,2017
1207,1253.0,DC,3,3.0,,,,APX,6,2017
1208,1254.0,DC,3,4.0,,,,APX,6,2017
1209,1255.0,NY,5,3.0,,,,GAM,5,2017
1210,1256.0,NY,5,3.0,,,,APP,5,2017
1211,1257.0,NY,3,3.0,,,,APP,5,2017
1212,1258.0,NY,5,3.0,,,,GAM,5,2017
1213,1259.0,NY,4,3.0,,,,GAM,5,2017
1214,1260.0,NY,4,3.0,,,,APP,5,2017
1215,1261.0,NY,0,4.0,,,,APP,5,2017
1216,1262.0,NY,4,3.0,,,,APP,5,2017
1217,1263.0,NY,5,3.0,,,,GMX,5,2017
1218,1264.0,NY,4,4.0,,,,APX,5,2017
1219,1265.0,NY,5,3.0,,,,GMX,5,2017
1220,1266.0,NY,4,3.0,,,,APP,5,2017
1221,1267.0,NY,4,3.0,,,,APP,5,2017
1222,1268.0,NY,4,3.0,,,,APP,5,2017
1223,1269.0,NY,3,3.0,,,,APP,4,2017
1224,1270.0,NY,4,3.0,,,,GAM,5,2017
1225,1271.0,NY,5,3.0,,,,GAM,5,2017
1226,1272.0,NY,5,3.0,,,,APP,5,2017
1227,1273.0,NY,3,3.0,,,,APP,5,2017
1228,1274.0,NY,5,3.0,,,,APP,5,2017
1229,1275.0,NY,2,3.0,,,,APX,5,2017
1230,1276.0,NY,3,4.0,,,,APX,5,2017
1231,1277.0,NY,4,3.0,,,,APX,5,2017
1232,1278.0,NY,4,3.0,,,,GAM,5,2017
1233,1279.0,NY,5,3.0,,,,APX,5,2017
1234,1280.0,NY,2,3.0,,,,APP,5,2017
1235,1281.0,,5,3.0,,,,,5,2017
1236,1282.0,NY,3,3.0,,,,APP,5,2017
1237,1283.0,NY,4,3.0,,,,APP,5,2017
1238,1284.0,NY,4,3.0,,,,GMX,5,2017
1239,1285.0,NY,5,3.0,,,,GAM,5,2017
1240,1286.0,NY,2,3.0,,,,APP,5,2017
1241,1287.0,NY,5,3.0,,,,GMX,5,2017
1242,1288.0,NY,5,3.0,,,,APP,5,2017
1243,1289.0,NY,4,3.0,,,,APX,5,2017
1244,1290.0,CH,4,4.0,,,,APP,7,2017
1245,1291.0,CH,3,3.0,,,,APP,6,2017
1246,1292.0,CH,4,3.0,,,,APX,5,2017
1247,1293.0,CH,4,4.0,,,,APP,7,2017
1248,1294.0,CH,5,3.0,,,,APP,7,2017
1249,1295.0,CH,4,3.0,,,,APP,7,2017
1250,1296.0,CH,5,3.0,,,,APP,7,2017
1251,1297.0,CH,4,3.0,,,,APP,7,2017
1252,1298.0,OA,4,3.0,,,,APP,7,2017
1253,1299.0,CH,4,3.0,,,,APP,7,2017
1254,1300.0,CH,3,3.0,,,,APX,7,2017
1255,1301.0,OA,4,3.0,,,,APP,7,2017
1256,1302.0,RW,4,3.0,,,,APP,7,2017
1257,1303.0,OA,3,4.0,,,,APP,7,2017
1258,1304.0,LA,5,3.0,,,,APP,7,2017
1259,1305.0,LA,4,3.0,,,,APP,7,2017
1260,1306.0,LA,3,4.0,,,,GAM,7,2017
1261,1307.0,LA,4,3.0,,,,APP,7,2017
1262,1308.0,LA,5,3.0,,,,GAM,7,2017
1263,1309.0,SC,5,3.0,,,,GAM,7,2017
1264,1310.0,SF,4,3.0,,,,APP,7,2017
1265,1311.0,SF,5,3.0,,,,APP,7,2017
1266,1312.0,SF,5,3.0,,,,APP,7,2017
1267,1313.0,SF,4,3.0,,,,APX,7,2017
1268,1314.0,SF,4,3.0,,,,APP,7,2017
1269,1315.0,SC,5,3.0,,,,APP,7,2017
1270,1316.0,SC,4,3.0,,,,APP,7,2017
1271,1317.0,SC,3,4.0,,,,APP,7,2017
1272,1318.0,SC,4,3.0,,,,APP,7,2017
1273,1319.0,SC,4,5.0,,,,APP,7,2017
1274,1320.0,SC,4,3.0,,,,APX,7,2017
1275,1321.0,SF,3,3.0,,,,APP,7,2017
1276,1322.0,SC,5,3.0,,,,APP,7,2017
1277,1323.0,SC,3,3.0,,,,APX,7,2017
1278,1324.0,SC,4,3.0,,,,GAM,7,2017
1279,1325.0,LA,5,3.0,,,,APP,7,2017
1280,1326.0,SF,4,3.0,,,,APP,7,2017
1281,1327.0,SC,4,3.0,,,,APP,7,2017
1282,1328.0,SC,4,3.0,,,,APP,7,2017
1283,1329.0,SC,3,3.0,,,,APP,7,2017
1284,1330.0,SC,4,4.0,,,,APP,7,2017
1285,1331.0,SC,4,3.0,,,,APP,7,2017
1286,1332.0,SC,5,3.0,,,,GAM,7,2017
1287,1333.0,SC,2,3.0,,,,GAM,7,2017
1288,1334.0,SF,3,3.0,,,,APP,7,2017
1289,1335.0,SF,2,3.0,,,,APP,7,2017
1290,1336.0,LA,4,3.0,,,,APP,7,2017
1291,1337.0,SF,4,3.0,,,,APP,7,2017
1292,1338.0,LA,3,3.0,,,,APP,7,2017
1293,1339.0,SF,5,3.0,,,,APX,7,2017
1294,1340.0,SC,4,3.0,,,,APP,7,2017
1295,1341.0,SF,3,3.0,,,,APP,7,2017
1296,1342.0,SF,5,3.0,,,,APP,7,2017
1297,1343.0,LA,4,3.0,,,,APP,7,2017
1298,1344.0,SF,4,3.0,,,,APP,7,2017
1299,1345.0,LA,4,3.0,,,,GAM,7,2017
1300,1346.0,SF,4,3.0,,,,APX,7,2017
1301,1347.0,LA,4,3.0,,,,GAM,7,2017
1302,1348.0,SF,4,3.0,,,,APP,7,2017
1303,1349.0,SF,4,3.0,,,,APP,7,2017
1304,1350.0,SC,5,3.0,,,,GAM,7,2017
1305,1351.0,SC,4,4.0,,,,APP,7,2017
1306,1352.0,SF,4,2.0,,,,GAM,7,2017
1307,1353.0,SF,5,3.0,,,,APP,7,2017
1308,1354.0,SF,5,3.0,,,,APP,7,2017
1309,1355.0,SF,5,3.0,,,,APX,7,2017
1310,1356.0,,#ERROR!,,,,,,2,2017
1311,1357.0,NY,1,3.0,,,,APP,5,2017
1312,1358.0,SF,5,3.0,,,,APP,7,2017
1313,1359.0,BJ,5,3.0,,,,APP,3,2017
1314,1360.0,OA,4,4.0,,,,APP,6,2017
1315,1361.0,NY,4,3.0,,,,APP,5,2017
1316,1362.0,SF,5,3.0,,,,APP,7,2017
1317,1363.0,OA,4,3.0,,,,APP,7,2017
1318,1364.0,BJ,4,4.0,,,,APP,3,2017
1319,1365.0,BJ,5,3.0,,,,APP,3,2017
1320,1366.0,BJ,5,3.0,,,,APP,3,2017
1321,1367.0,BJ,5,3.0,,,,APP,3,2017
1322,1368.0,,#ERROR!,,,,,,3,2017
1323,1369.0,NY,4,3.0,,,,GAM,5,2017
1324,1370.0,TY,5,2.0,,,,APP,2,2017
1325,1371.0,SC,4,3.0,,,,APP,7,2017
1326,1372.0,SC,4,3.0,,,,APP,7,2017
1327,1373.0,BJ,5,3.0,,,,APP,3,2017
1328,1374.0,NY,4,3.0,,,,GAM,5,2017
1329,1375.0,NY,4,3.0,,,,APP,5,2017
1330,1376.0,TY,3,2.0,,,,APP,2,2017
1331,1377.0,NY,3,3.0,,,,APP,5,2017
1332,1378.0,NY,4,3.0,,,,APP,5,2017
1333,1380.0,NY,3,3.0,,,,APP,5,2017
1334,1381.0,NY,4,3.0,,,,APP,5,2017
1335,1382.0,,2,3.0,,,,,5,2017
1336,1383.0,NY,4,5.0,,,,APP,5,2017
1337,1384.0,BJ,4,3.0,,,,APP,3,2017
1338,1385.0,NY,4,3.0,,,,APX,5,2017
1339,1386.0,NY,3,2.0,,,,APP,5,2017
1340,1387.0,,5,3.0,,,,,2,2017
1341,1388.0,SC,4,3.0,,,,GMX,7,2017
1342,1389.0,SC,4,4.0,,,,APX,7,2017
1343,1390.0,SF,5,3.0,,,,APP,7,2017
1344,1391.0,LA,4,3.0,,,,APP,7,2017
1345,1392.0,SF,4,3.0,,,,APP,7,2017
1346,1393.0,LA,4,4.0,,,,APP,7,2017
1347,1394.0,NY,3,3.0,,,,APP,5,2017
1348,1395.0,NY,4,3.0,,,,APP,5,2017
1349,1396.0,SF,4,3.0,,,,GAM,7,2017
1350,1397.0,OA,4,3.0,,,,APP,7,2017
1351,1398.0,SF,3,3.0,,,,APX,7,2017
1352,1399.0,TY,3,3.0,,,,APP,3,2017
1353,1400.0,TY,4,4.0,,,,APP,3,2017
1354,1401.0,SF,5,3.0,,,,VR,8,2017
1355,1402.0,NY,4,3.0,,,,APP,6,2017
1356,1403.0,NY,3,3.0,,,,APP,6,2017
1357,1404.0,NY,4,3.0,,,,APP,6,2017
1358,1405.0,NY,5,3.0,,,,APP,6,2017
1359,1406.0,NY,4,3.0,,,,APX,6,2017
1360,1407.0,NY,3,3.0,,,,APP,6,2017
1361,1408.0,NY,5,3.0,,,,GAM,6,2017
1362,1409.0,NY,5,3.0,,,,APP,6,2017
1363,1410.0,NY,3,4.0,,,,APP,6,2017
1364,1411.0,NY,5,3.0,,,,GAM,6,2017
1365,1412.0,NY,4,3.0,,,,APP,6,2017
1366,1413.0,NY,5,3.0,,,,GMX,6,2017
1367,1414.0,NY,4,3.0,,,,GAM,6,2017
1368,1415.0,NY,4,3.0,,,,APP,6,2017
1369,1416.0,NY,5,3.0,,,,GAM,6,2017
1370,1417.0,NY,4,3.0,,,,APP,6,2017
1371,1418.0,NY,4,3.0,,,,APP,6,2017
1372,1419.0,NY,5,3.0,,,,APP,6,2017
1373,1420.0,NY,5,3.0,,,,GAM,6,2017
1374,1421.0,NY,5,3.0,,,,GAM,6,2017
1375,1422.0,NY,4,3.0,,,,APP,6,2017
1376,1423.0,NY,3,5.0,,,,APP,6,2017
1377,1424.0,NY,4,3.0,,,,GAM,6,2017
1378,1425.0,NY,4,3.0,,,,APP,6,2017
1379,1426.0,NY,5,3.0,,,,APP,6,2017
1380,1427.0,NY,4,3.0,,,,APP,6,2017
1381,1428.0,NY,4,4.0,,,,APP,6,2017
1382,1429.0,NY,4,3.0,,,,APP,6,2017
1383,1430.0,NY,5,3.0,,,,GMX,6,2017
1384,1431.0,NY,5,3.0,,,,GAM,6,2017
1385,1432.0,NY,4,4.0,,,,APP,6,2017
1386,1433.0,NY,3,4.0,,,,APX,6,2017
1387,1434.0,NY,3,3.0,,,,APP,6,2017
1388,1435.0,NY,3,3.0,,,,GMX,6,2017
1389,1436.0,NY,5,3.0,,,,APX,6,2017
1390,1437.0,NY,4,3.0,,,,APX,6,2017
1391,1438.0,NY,3,4.0,,,,APP,6,2017
1392,1439.0,NY,5,3.0,,,,GMX,6,2017
1393,1440.0,NY,4,3.0,,,,APP,6,2017
1394,1441.0,NY,4,3.0,,,,APP,6,2017
1395,1442.0,LA,3,5.0,,,,GAM,8,2017
1396,1443.0,LA,4,3.0,,,,APP,8,2017
1397,1444.0,LA,4,3.0,,,,GAM,8,2017
1398,1445.0,LA,5,3.0,,,,APP,8,2017
1399,1446.0,LA,4,2.0,,,,GAM,8,2017
1400,1447.0,LA,5,3.0,,,,APP,8,2017
1401,1448.0,TY,4,4.0,,,,APP,3,2017
1402,1449.0,TY,5,3.0,,,,APP,3,2017
1403,1450.0,TY,5,3.0,,,,APP,3,2017
1404,1451.0,NY,4,3.0,,,,APX,6,2017
1405,1452.0,,3,3.0,,,,,7,2017
1406,1453.0,NY,5,3.0,,,,APX,6,2017
1407,1454.0,DC,2,3.0,,,,APX,7,2017
1408,1455.0,NY,4,3.0,,,,APP,6,2017
1409,1456.0,NY,5,3.0,,,,APP,6,2017
1410,1457.0,,5,3.0,,,,,6,2017
1411,1458.0,,#ERROR!,,,,,,3,2017
1412,1459.0,TY,4,3.0,,,,APP,3,2017
1413,1460.0,TY,4,4.0,,,,APP,3,2017
1414,1461.0,NY,5,3.0,,,,APP,6,2017
1415,1462.0,LA,5,4.0,,,,APP,8,2017
1416,1463.0,TY,5,3.0,,,,APP,3,2017
1417,1464.0,TY,4,3.0,,,,APP,3,2017
1418,1465.0,LA,4,2.0,,,,GAM,8,2017
1419,1466.0,TY,4,3.0,,,,APP,3,2017
1420,1467.0,NY,5,3.0,,,,GAM,7,2017
1421,1468.0,NY,5,3.0,,,,GMX,7,2017
1422,1469.0,NY,5,4.0,,,,GAM,7,2017
1423,1470.0,NY,5,3.0,,,,GAM,7,2017
1424,1471.0,NY,4,3.0,,,,APP,7,2017
1425,1472.0,NY,4,3.0,,,,GAM,7,2017
1426,1473.0,NY,5,3.0,,,,GMX,7,2017
1427,1474.0,NY,4,3.0,,,,GAM,7,2017
1428,1475.0,NY,4,3.0,,,,APP,7,2017
1429,1476.0,NY,4,4.0,,,,APP,7,2017
1430,1477.0,NY,5,3.0,,,,GAM,7,2017
1431,1478.0,NY,5,3.0,,,,APP,7,2017
1432,1479.0,NY,4,3.0,,,,GAM,7,2017
1433,1480.0,NY,4,3.0,,,,APP,7,2017
1434,1481.0,NY,5,3.0,,,,APP,7,2017
1435,1482.0,NY,4,3.0,,,,APP,7,2017
1436,1483.0,NY,3,4.0,,,,APP,7,2017
1437,1484.0,NY,3,5.0,,,,APX,7,2017
1438,1485.0,NY,3,3.0,,,,APP,7,2017
1439,1486.0,NY,4,3.0,,,,APP,7,2017
1440,1487.0,NY,4,3.0,,,,APP,7,2017
1441,1488.0,NY,3,3.0,,,,GMX,7,2017
1442,1489.0,NY,5,3.0,,,,APX,7,2017
1443,1490.0,NY,5,3.0,,,,APX,7,2017
1444,1491.0,NY,4,4.0,,,,GAM,7,2017
1445,1492.0,NY,4,3.0,,,,APP,7,2017
1446,1493.0,NY,1,3.0,,,,APP,7,2017
1447,1494.0,NY,5,3.0,,,,GMX,7,2017
1448,1495.0,NY,5,3.0,,,,APX,7,2017
1449,1496.0,NY,4,3.0,,,,APX,7,2017
1450,1497.0,NY,5,3.0,,,,APP,7,2017
1451,1498.0,NY,1,2.0,,,,APX,7,2017
1452,1499.0,NY,4,3.0,,,,APP,5,2017
